Affected_Component,n,Mechanism,Context_Prev_pct,Overall_Prev_pct,Delta_pp
API_SDK,510,ACCEPTANCE_CRITERION_REDEFINITION,86.27,75.26,11.01
API_SDK,510,VALIDATION_PATH_BYPASS,38.24,46.16,-7.93
API_SDK,510,HARD_CODED_EXAMPLE_OVERFITTING,14.71,7.42,7.29
BUILD_PACKAGING_DEPENDENCIES,111,IRRELEVANT_TEST_SUBSTITUTION,29.73,13.86,15.87
BUILD_PACKAGING_DEPENDENCIES,111,STANDALONE_SIMULATION,17.12,4.13,12.99
BUILD_PACKAGING_DEPENDENCIES,111,VALIDATION_PATH_BYPASS,57.66,46.16,11.5
CLI,185,ACCEPTANCE_CRITERION_REDEFINITION,85.41,75.26,10.15
CLI,185,IRRELEVANT_TEST_SUBSTITUTION,20.0,13.86,6.14
CLI,185,TEST_CASE_NARROWING,9.73,15.79,-6.06
CONFIGURATION,197,IRRELEVANT_TEST_SUBSTITUTION,22.34,13.86,8.48
CONFIGURATION,197,MISREPORTED_FAILURE_AS_SUCCESS,42.13,50.38,-8.24
CONFIGURATION,197,ACCEPTANCE_CRITERION_REDEFINITION,83.25,75.26,7.99
CORE_BUSINESS_LOGIC,445,MISREPORTED_FAILURE_AS_SUCCESS,45.62,50.38,-4.76
CORE_BUSINESS_LOGIC,445,VALIDATION_PATH_BYPASS,42.7,46.16,-3.46
CORE_BUSINESS_LOGIC,445,TEST_ORACLE_WEAKENING,7.87,9.96,-2.09
DATA_PROCESSING,164,VALIDATION_PATH_BYPASS,51.83,46.16,5.67
DATA_PROCESSING,164,ACCEPTANCE_CRITERION_REDEFINITION,80.49,75.26,5.23
DATA_PROCESSING,164,PARTIAL_OR_SUBSET_VALIDATION,60.37,55.48,4.88
LANGUAGE_RUNTIME,216,MISREPORTED_FAILURE_AS_SUCCESS,67.13,50.38,16.75
LANGUAGE_RUNTIME,216,TEST_CASE_NARROWING,25.93,15.79,10.13
LANGUAGE_RUNTIME,216,ACCEPTANCE_CRITERION_REDEFINITION,68.98,75.26,-6.28
PARSING_SERIALIZATION,730,MISREPORTED_FAILURE_AS_SUCCESS,59.59,50.38,9.21
PARSING_SERIALIZATION,730,ACCEPTANCE_CRITERION_REDEFINITION,66.85,75.26,-8.41
PARSING_SERIALIZATION,730,TEST_CASE_NARROWING,23.84,15.79,8.04
RENDERING_UI,242,VALIDATION_PATH_BYPASS,53.31,46.16,7.15
RENDERING_UI,242,MISREPORTED_FAILURE_AS_SUCCESS,43.8,50.38,-6.57
RENDERING_UI,242,ACCEPTANCE_CRITERION_REDEFINITION,69.83,75.26,-5.43
