context_dimension,instance_id,labels_for_pr,n_distinct_labels,n_tp_trajectories,source_locations,reviewer_1_label,reviewer_2_label,adjudicated_label,adjudication_status,adjudication_notes
Affected_Component,a-h__templ-1159,PARSING_SERIALIZATION | RENDERING_FORMATTING_ERROR,2,2,nvidia_all_merged.jsonl:3082 | nvidia_all_merged.jsonl:3244,,,,,
Affected_Component,external-secrets__external-secrets-3500,BUILD_PACKAGING_DEPENDENCIES | PARSING_SERIALIZATION,2,2,nvidia_all_merged.jsonl:675 | nvidia_all_merged.jsonl:2186,,,,,
Affected_Component,fhir__sushi-262,DATA_PROCESSING | FILESYSTEM_STORAGE,2,2,nvidia_all_merged.jsonl:2800 | nvidia_all_merged.jsonl:507,,,,,
Affected_Component,fppt__jedis-mock-67,API_SDK | CORE_BUSINESS_LOGIC,2,3,nvidia_all_merged.jsonl:2562 | nvidia_all_merged.jsonl:1364 | nvidia_all_merged.jsonl:1631,,,,,
Affected_Component,fuellabs__fuelup-410,BUILD_PACKAGING_DEPENDENCIES | CLI,2,2,nvidia_all_merged.jsonl:811 | nvidia_all_merged.jsonl:368,,,,,
Affected_Component,gavv__httpexpect-194,API_SDK | TESTING_INFRASTRUCTURE,2,2,nvidia_all_merged.jsonl:757 | nvidia_all_merged.jsonl:385,,,,,
Affected_Component,getkin__kin-openapi-355,API_SDK | PARSING_SERIALIZATION,2,4,nvidia_all_merged.jsonl:1223 | nvidia_all_merged.jsonl:654 | nvidia_all_merged.jsonl:2589 | nvidia_all_merged.jsonl:3147,,,,,
Affected_Component,getmoto__moto-7212,API_SDK | AUTH_IDENTITY_PERMISSION,2,4,nvidia_all_merged.jsonl:153 | nvidia_all_merged.jsonl:403 | nvidia_all_merged.jsonl:2689 | nvidia_all_merged.jsonl:2987,,,,,
Affected_Component,getmoto__moto-7968,API_SDK | CORE_BUSINESS_LOGIC,2,2,nvidia_all_merged.jsonl:3061 | nvidia_all_merged.jsonl:1892,,,,,
Affected_Component,getsentry__sentry-rust-712,API_SDK | CORE_BUSINESS_LOGIC,2,2,nvidia_all_merged.jsonl:827 | nvidia_all_merged.jsonl:587,,,,,
Affected_Component,go-kratos__kratos-3134,CORE_BUSINESS_LOGIC | WEB_HTTP,2,3,nvidia_all_merged.jsonl:1077 | nvidia_all_merged.jsonl:2872 | nvidia_all_merged.jsonl:430,,,,,
Affected_Component,google__go-github-1847,API_SDK | PARSING_SERIALIZATION,2,3,nvidia_all_merged.jsonl:515 | nvidia_all_merged.jsonl:3019 | nvidia_all_merged.jsonl:1522,,,,,
Affected_Component,google__turbinia-484,CLI | CLOUD_DEVOPS,2,2,nvidia_all_merged.jsonl:3067 | nvidia_all_merged.jsonl:399,,,,,
Affected_Component,googlefonts__fontations-999,CORE_BUSINESS_LOGIC | PARSING_SERIALIZATION,2,2,nvidia_all_merged.jsonl:287 | nvidia_all_merged.jsonl:989,,,,,
Affected_Component,googlefonts__fontc-979,CORE_BUSINESS_LOGIC | DATA_PROCESSING,2,2,nvidia_all_merged.jsonl:760 | nvidia_all_merged.jsonl:453,,,,,
Affected_Component,gotenberg__gotenberg-1015,CONFIGURATION | CORE_BUSINESS_LOGIC,2,2,nvidia_all_merged.jsonl:207 | nvidia_all_merged.jsonl:2686,,,,,
Affected_Component,gpbl__react-day-picker-715,CONCURRENCY_ASYNC | RENDERING_UI,2,2,nvidia_all_merged.jsonl:1905 | nvidia_all_merged.jsonl:3447,,,,,
Affected_Component,helm__helm-7217,CLI | CLOUD_DEVOPS,2,4,nvidia_all_merged.jsonl:622 | nvidia_all_merged.jsonl:3392 | nvidia_all_merged.jsonl:436 | nvidia_all_merged.jsonl:3454,,,,,
Affected_Component,intuit__auto-1103,CLI | DOCUMENTATION,2,2,nvidia_all_merged.jsonl:3045 | nvidia_all_merged.jsonl:788,,,,,
Affected_Component,jedib0t__go-pretty-306,CORE_BUSINESS_LOGIC | DATA_PROCESSING,2,3,nvidia_all_merged.jsonl:3267 | nvidia_all_merged.jsonl:787 | nvidia_all_merged.jsonl:2781,,,,,
Affected_Component,jenkins-x__lighthouse-1407,CLOUD_DEVOPS | CORE_BUSINESS_LOGIC,2,3,nvidia_all_merged.jsonl:2 | nvidia_all_merged.jsonl:1648 | nvidia_all_merged.jsonl:2490,,,,,
Affected_Component,jetstack__cert-manager-1681,CORE_BUSINESS_LOGIC | DATA_PROCESSING,2,2,nvidia_all_merged.jsonl:543 | nvidia_all_merged.jsonl:1992,,,,,
Affected_Component,jhipster__generator-jhipster-11631,CONFIGURATION | PARSING_SERIALIZATION,2,2,nvidia_all_merged.jsonl:765 | nvidia_all_merged.jsonl:80,,,,,
Affected_Component,jorgecarleitao__arrow2-1448,API_SDK | DATA_PROCESSING,2,3,nvidia_all_merged.jsonl:762 | nvidia_all_merged.jsonl:3178 | nvidia_all_merged.jsonl:3419,,,,,
Affected_Component,joshuakgoldberg__bingo-270,API_SDK | CORE_BUSINESS_LOGIC,2,2,nvidia_all_merged.jsonl:2362 | nvidia_all_merged.jsonl:252,,,,,
Affected_Component,joshuakgoldberg__create-typescript-app-1986,CONFIGURATION | TESTING_INFRASTRUCTURE,2,2,nvidia_all_merged.jsonl:3320 | nvidia_all_merged.jsonl:984,,,,,
Affected_Component,joshuakgoldberg__tslint-to-eslint-config-70,CONFIGURATION | PARSING_SERIALIZATION,2,2,nvidia_all_merged.jsonl:321 | nvidia_all_merged.jsonl:2340,,,,,
Affected_Component,jsonmapper__jsonmapper-122,API_SDK | PARSING_SERIALIZATION,2,4,nvidia_all_merged.jsonl:3088 | nvidia_all_merged.jsonl:573 | nvidia_all_merged.jsonl:2004 | nvidia_all_merged.jsonl:2631,,,,,
Affected_Component,kayak__pypika-306,API_SDK | DATABASE_SQL,2,2,nvidia_all_merged.jsonl:3308 | nvidia_all_merged.jsonl:2965,,,,,
Affected_Component,keras-team__keras-19829,CORE_BUSINESS_LOGIC | DATA_PROCESSING,2,2,nvidia_all_merged.jsonl:3344 | nvidia_all_merged.jsonl:542,,,,,
Affected_Component,keras-team__keras-nlp-64,API_SDK | DATA_PROCESSING,2,3,nvidia_all_merged.jsonl:24 | nvidia_all_merged.jsonl:2098 | nvidia_all_merged.jsonl:2695,,,,,
Affected_Component,kestra-io__kestra-2968,CORE_BUSINESS_LOGIC | RENDERING_UI,2,2,nvidia_all_merged.jsonl:1179 | nvidia_all_merged.jsonl:3166,,,,,
Affected_Component,kestra-io__kestra-3565,CORE_BUSINESS_LOGIC | RENDERING_UI,2,3,nvidia_all_merged.jsonl:2613 | nvidia_all_merged.jsonl:493 | nvidia_all_merged.jsonl:2440,,,,,
Affected_Component,kestra-io__kestra-7366,CORE_BUSINESS_LOGIC | DISTRIBUTED_SYSTEM,2,3,nvidia_all_merged.jsonl:336 | nvidia_all_merged.jsonl:3297 | nvidia_all_merged.jsonl:3365,,,,,
Affected_Component,knative-sandbox__eventing-kafka-broker-2971,CONFIGURATION | WEB_HTTP,2,2,nvidia_all_merged.jsonl:230 | nvidia_all_merged.jsonl:758,,,,,
Affected_Component,knative__client-1333,API_SDK | DISTRIBUTED_SYSTEM,2,3,nvidia_all_merged.jsonl:1990 | nvidia_all_merged.jsonl:203 | nvidia_all_merged.jsonl:2233,,,,,
Affected_Component,knuckleswtf__scribe-826,CORE_BUSINESS_LOGIC | PARSING_SERIALIZATION,2,2,nvidia_all_merged.jsonl:2482 | nvidia_all_merged.jsonl:2929,,,,,
Affected_Component,kubernetes-incubator__client-python-50,API_SDK | CONFIGURATION,2,3,nvidia_all_merged.jsonl:2027 | nvidia_all_merged.jsonl:1830 | nvidia_all_merged.jsonl:2831,,,,,
Affected_Component,kubernetes-sigs__aws-alb-ingress-controller-1172,CLOUD_DEVOPS | DISTRIBUTED_SYSTEM,2,5,nvidia_all_merged.jsonl:925 | nvidia_all_merged.jsonl:2603 | nvidia_all_merged.jsonl:158 | nvidia_all_merged.jsonl:715 | nvidia_all_merged.jsonl:2425,,,,,
Affected_Component,kubernetes-sigs__krew-695,API_SDK | FILESYSTEM_STORAGE,2,2,nvidia_all_merged.jsonl:886 | nvidia_all_merged.jsonl:358,,,,,
Affected_Component,lingui__js-lingui-1059,LANGUAGE_RUNTIME | RENDERING_UI,2,2,nvidia_all_merged.jsonl:1125 | nvidia_all_merged.jsonl:476,,,,,
Affected_Component,maizzle__framework-765,DATA_PROCESSING | PARSING_SERIALIZATION,2,2,nvidia_all_merged.jsonl:2933 | nvidia_all_merged.jsonl:36,,,,,
Affected_Component,marpple__fxts-117,API_SDK | DATA_PROCESSING,2,2,nvidia_all_merged.jsonl:1928 | nvidia_all_merged.jsonl:3260,,,,,
Affected_Component,marpple__fxts-169,API_SDK | CORE_BUSINESS_LOGIC,2,3,nvidia_all_merged.jsonl:820 | nvidia_all_merged.jsonl:2525 | nvidia_all_merged.jsonl:2049,,,,,
Affected_Component,marpple__fxts-54,API_SDK | CORE_BUSINESS_LOGIC,2,3,nvidia_all_merged.jsonl:2553 | nvidia_all_merged.jsonl:341 | nvidia_all_merged.jsonl:1931,,,,,
Affected_Component,matchms__matchms-543,API_SDK | DATA_PROCESSING | FILESYSTEM_STORAGE,3,4,nvidia_all_merged.jsonl:2107 | nvidia_all_merged.jsonl:2399 | nvidia_all_merged.jsonl:1895 | nvidia_all_merged.jsonl:905,,,,,
Affected_Component,mcollina__fastify-gql-140,API_SDK | NETWORK_PROTOCOL,2,2,nvidia_all_merged.jsonl:463 | nvidia_all_merged.jsonl:1031,,,,,
Affected_Component,mie-lab__trackintel-252,API_SDK | DATA_PROCESSING,2,2,nvidia_all_merged.jsonl:3005 | nvidia_all_merged.jsonl:2841,,,,,
Affected_Component,mozilla__nunjucks-1301,LANGUAGE_RUNTIME | PARSING_SERIALIZATION,2,2,nvidia_all_merged.jsonl:1770 | nvidia_all_merged.jsonl:3429,,,,,
Affected_Component,mpmath__mpmath-819,LANGUAGE_RUNTIME | RENDERING_UI,2,4,nvidia_all_merged.jsonl:1305 | nvidia_all_merged.jsonl:2008 | nvidia_all_merged.jsonl:3438 | nvidia_all_merged.jsonl:44,,,,,
Affected_Component,mpmath__mpmath-903,CORE_BUSINESS_LOGIC | LANGUAGE_RUNTIME,2,4,nvidia_all_merged.jsonl:2654 | nvidia_all_merged.jsonl:3217 | nvidia_all_merged.jsonl:3377 | nvidia_all_merged.jsonl:2169,,,,,
Affected_Component,netapp__harvest-1326,DATA_PROCESSING | PARSING_SERIALIZATION,2,2,nvidia_all_merged.jsonl:30 | nvidia_all_merged.jsonl:848,,,,,
Affected_Component,nginx__nginx-gateway-fabric-3390,API_SDK | DISTRIBUTED_SYSTEM,2,2,nvidia_all_merged.jsonl:146 | nvidia_all_merged.jsonl:3155,,,,,
Affected_Component,niconoe__pyinaturalist-86,API_SDK | PARSING_SERIALIZATION,2,3,nvidia_all_merged.jsonl:564 | nvidia_all_merged.jsonl:2822 | nvidia_all_merged.jsonl:813,,,,,
Affected_Component,nightwatchjs__nightwatch-3335,API_SDK | CONFIGURATION,2,2,nvidia_all_merged.jsonl:3424 | nvidia_all_merged.jsonl:1061,,,,,
Affected_Component,obsidian-tasks-group__obsidian-tasks-1592,BUILD_PACKAGING_DEPENDENCIES | CORE_BUSINESS_LOGIC,2,2,nvidia_all_merged.jsonl:1261 | nvidia_all_merged.jsonl:763,,,,,
Affected_Component,obsidian-tasks-group__obsidian-tasks-1734,CORE_BUSINESS_LOGIC | PARSING_SERIALIZATION,2,2,nvidia_all_merged.jsonl:2886 | nvidia_all_merged.jsonl:1160,,,,,
Affected_Component,oliverschwendener__ueli-1159,API_SDK | CORE_BUSINESS_LOGIC,2,2,nvidia_all_merged.jsonl:145 | nvidia_all_merged.jsonl:2688,,,,,
Affected_Component,oliverschwendener__ueli-1331,CONFIGURATION | FILESYSTEM_STORAGE,2,2,nvidia_all_merged.jsonl:1809 | nvidia_all_merged.jsonl:2371,,,,,
Affected_Component,omni-us__jsonargparse-530,CLI | PARSING_SERIALIZATION,2,2,nvidia_all_merged.jsonl:1949 | nvidia_all_merged.jsonl:2377,,,,,
Affected_Component,onflow__flow-cli-319,API_SDK | CLI,2,3,nvidia_all_merged.jsonl:1943 | nvidia_all_merged.jsonl:2182 | nvidia_all_merged.jsonl:3046,,,,,
Affected_Component,orhun__git-cliff-369,API_SDK | PARSING_SERIALIZATION | RENDERING_UI,3,3,nvidia_all_merged.jsonl:1989 | nvidia_all_merged.jsonl:745 | nvidia_all_merged.jsonl:2391,,,,,
Affected_Component,osbuild__osbuild-composer-197,CLOUD_DEVOPS | WEB_HTTP,2,2,nvidia_all_merged.jsonl:2849 | nvidia_all_merged.jsonl:370,,,,,
Affected_Component,osbuild__osbuild-composer-709,CLOUD_DEVOPS | WEB_HTTP,2,2,nvidia_all_merged.jsonl:389 | nvidia_all_merged.jsonl:2257,,,,,
Affected_Component,palantir__policy-bot-302,CORE_BUSINESS_LOGIC | PARSING_SERIALIZATION,2,2,nvidia_all_merged.jsonl:416 | nvidia_all_merged.jsonl:2556,,,,,
Affected_Component,pandas-dev__pandas-50647,API_SDK | DATA_PROCESSING,2,2,nvidia_all_merged.jsonl:2181 | nvidia_all_merged.jsonl:2475,,,,,
Affected_Component,pandas-dev__pandas-58245,DATA_PROCESSING | PARSING_SERIALIZATION,2,5,nvidia_all_merged.jsonl:1366 | nvidia_all_merged.jsonl:1238 | nvidia_all_merged.jsonl:1596 | nvidia_all_merged.jsonl:2879 | nvidia_all_merged.jsonl:3048,,,,,
Affected_Component,pandas-dev__pandas-60359,CLOUD_DEVOPS | PARSING_SERIALIZATION,2,2,nvidia_all_merged.jsonl:2700 | nvidia_all_merged.jsonl:697,,,,,
Affected_Component,pandas-dev__pandas-61577,DATA_PROCESSING | TESTING_INFRASTRUCTURE,2,2,nvidia_all_merged.jsonl:1030 | nvidia_all_merged.jsonl:188,,,,,
Affected_Component,paritytech__ink-2100,API_SDK | LANGUAGE_RUNTIME,2,2,nvidia_all_merged.jsonl:592 | nvidia_all_merged.jsonl:3009,,,,,
Affected_Component,paritytech__parity-common-667,BUILD_PACKAGING_DEPENDENCIES | LANGUAGE_RUNTIME,2,2,nvidia_all_merged.jsonl:3390 | nvidia_all_merged.jsonl:993,,,,,
Affected_Component,pbiswas101__mathball-154,API_SDK | CORE_BUSINESS_LOGIC,2,2,nvidia_all_merged.jsonl:565 | nvidia_all_merged.jsonl:2785,,,,,
Affected_Component,pennylaneai__pennylane-4827,CORE_BUSINESS_LOGIC | DATA_PROCESSING,2,2,nvidia_all_merged.jsonl:1088 | nvidia_all_merged.jsonl:431,,,,,
Affected_Component,phpactor__phpactor-2273,API_SDK | CONFIGURATION | CORE_BUSINESS_LOGIC,3,3,nvidia_all_merged.jsonl:2668 | nvidia_all_merged.jsonl:539 | nvidia_all_merged.jsonl:359,,,,,
Affected_Component,pingcap__tidb-tools-847,API_SDK | DATABASE_SQL,2,2,nvidia_all_merged.jsonl:1053 | nvidia_all_merged.jsonl:62,,,,,
Affected_Component,platers__obsidian-linter-203,DATA_PROCESSING | PARSING_SERIALIZATION,2,2,nvidia_all_merged.jsonl:2808 | nvidia_all_merged.jsonl:2443,,,,,
Affected_Component,pmndrs__valtio-177,API_SDK | CORE_BUSINESS_LOGIC,2,2,nvidia_all_merged.jsonl:2940 | nvidia_all_merged.jsonl:1239,,,,,
Affected_Component,prettier__prettier-eslint-696,API_SDK | BUILD_PACKAGING_DEPENDENCIES,2,2,nvidia_all_merged.jsonl:3016 | nvidia_all_merged.jsonl:1710,,,,,
Affected_Component,project-copacetic__copacetic-1141,CLOUD_DEVOPS | CORE_BUSINESS_LOGIC,2,2,nvidia_all_merged.jsonl:1786 | nvidia_all_merged.jsonl:3203,,,,,
Affected_Component,projectevergreen__wcc-184,PARSING_SERIALIZATION | RENDERING_UI,2,2,nvidia_all_merged.jsonl:1174 | nvidia_all_merged.jsonl:2189,,,,,
Affected_Component,pulumi__pulumi-cdk-221,API_SDK | CLOUD_DEVOPS,2,3,nvidia_all_merged.jsonl:2430 | nvidia_all_merged.jsonl:2254 | nvidia_all_merged.jsonl:3184,,,,,
Affected_Component,pvlib__pvlib-python-2341,API_SDK | CORE_BUSINESS_LOGIC,2,2,nvidia_all_merged.jsonl:2803 | nvidia_all_merged.jsonl:2050,,,,,
Affected_Component,py-cov-action__python-coverage-comment-action-323,CLOUD_DEVOPS | DATA_PROCESSING,2,2,nvidia_all_merged.jsonl:2210 | nvidia_all_merged.jsonl:2383,,,,,
Affected_Component,pybamm-team__pybamm-4650,API_SDK | DATA_PROCESSING,2,2,nvidia_all_merged.jsonl:2147 | nvidia_all_merged.jsonl:1922,,,,,
Affected_Component,pyccel__pyccel-2004,LANGUAGE_RUNTIME | PARSING_SERIALIZATION,2,2,nvidia_all_merged.jsonl:315 | nvidia_all_merged.jsonl:1126,,,,,
Affected_Component,pyro-ppl__numpyro-1825,CONCURRENCY_ASYNC | CORE_BUSINESS_LOGIC,2,2,nvidia_all_merged.jsonl:978 | nvidia_all_merged.jsonl:1768,,,,,
Affected_Component,pyvrp__pyvrp-280,API_SDK | CONFIGURATION,2,3,nvidia_all_merged.jsonl:2431 | nvidia_all_merged.jsonl:2607 | nvidia_all_merged.jsonl:2190,,,,,
Affected_Component,qiskit-community__ffsim-88,API_SDK | CORE_BUSINESS_LOGIC,2,6,nvidia_all_merged.jsonl:53 | nvidia_all_merged.jsonl:270 | nvidia_all_merged.jsonl:556 | nvidia_all_merged.jsonl:2617 | nvidia_all_merged.jsonl:3331 | nvidia_all_merged.jsonl:2030,,,,,
Affected_Component,quora__pyanalyze-688,API_SDK | LANGUAGE_RUNTIME,2,2,nvidia_all_merged.jsonl:1889 | nvidia_all_merged.jsonl:2583,,,,,
Affected_Component,reduxjs__redux-toolkit-943,API_SDK | CORE_BUSINESS_LOGIC,2,3,nvidia_all_merged.jsonl:1909 | nvidia_all_merged.jsonl:2559 | nvidia_all_merged.jsonl:2708,,,,,
Affected_Component,remotemobprogramming__mob-421,CLI | CONFIGURATION,2,2,nvidia_all_merged.jsonl:3071 | nvidia_all_merged.jsonl:2909,,,,,
Affected_Component,remy__nodemon-1167,CLI | CONCURRENCY_ASYNC | CORE_BUSINESS_LOGIC,3,3,nvidia_all_merged.jsonl:672 | nvidia_all_merged.jsonl:378 | nvidia_all_merged.jsonl:133,,,,,
Affected_Component,retroachievements__raintegration-1008,CORE_BUSINESS_LOGIC | FILESYSTEM_STORAGE,2,2,nvidia_all_merged.jsonl:3201 | nvidia_all_merged.jsonl:596,,,,,
Affected_Component,retroachievements__raintegration-1010,CORE_BUSINESS_LOGIC | RENDERING_UI,2,2,nvidia_all_merged.jsonl:3265 | nvidia_all_merged.jsonl:1758,,,,,
Affected_Component,rezact__rezact-65,CORE_BUSINESS_LOGIC | RENDERING_UI,2,2,nvidia_all_merged.jsonl:3101 | nvidia_all_merged.jsonl:1819,,,,,
Affected_Component,roskakori__pygount-43,API_SDK | CLI,2,3,nvidia_all_merged.jsonl:34 | nvidia_all_merged.jsonl:243 | nvidia_all_merged.jsonl:3240,,,,,
Affected_Component,rsteube__carapace-683,API_SDK | CLI,2,3,nvidia_all_merged.jsonl:673 | nvidia_all_merged.jsonl:1695 | nvidia_all_merged.jsonl:3095,,,,,
Affected_Component,rust-lang__rust-analyzer-14863,CORE_BUSINESS_LOGIC | PARSING_SERIALIZATION,2,2,nvidia_all_merged.jsonl:1302 | nvidia_all_merged.jsonl:1654,,,,,
Affected_Component,rust-lang__rust-analyzer-14878,LANGUAGE_RUNTIME | PARSING_SERIALIZATION,2,2,nvidia_all_merged.jsonl:895 | nvidia_all_merged.jsonl:1727,,,,,
Affected_Component,rust-lang__rust-analyzer-17985,LANGUAGE_RUNTIME | PARSING_SERIALIZATION,2,2,nvidia_all_merged.jsonl:1535 | nvidia_all_merged.jsonl:2310,,,,,
Affected_Component,rwjblue__ember-template-lint-134,CONFIGURATION | PARSING_SERIALIZATION,2,2,nvidia_all_merged.jsonl:1877 | nvidia_all_merged.jsonl:1517,,,,,
Affected_Component,ryanluker__vscode-coverage-gutters-482,CONCURRENCY_ASYNC | RENDERING_UI,2,2,nvidia_all_merged.jsonl:3364 | nvidia_all_merged.jsonl:1653,,,,,
Affected_Component,salsa-rs__salsa-105,CACHE | CONCURRENCY_ASYNC,2,2,nvidia_all_merged.jsonl:1524 | nvidia_all_merged.jsonl:1902,,,,,
Affected_Component,salsa-rs__salsa-362,API_SDK | LANGUAGE_RUNTIME,2,3,nvidia_all_merged.jsonl:2368 | nvidia_all_merged.jsonl:2574 | nvidia_all_merged.jsonl:1117,,,,,
Affected_Component,scimmyjs__scimmy-48,API_SDK | AUTH_IDENTITY_PERMISSION,2,2,nvidia_all_merged.jsonl:2042 | nvidia_all_merged.jsonl:2271,,,,,
Affected_Component,scimmyjs__scimmy-49,API_SDK | PARSING_SERIALIZATION,2,2,nvidia_all_merged.jsonl:1982 | nvidia_all_merged.jsonl:3158,,,,,
Affected_Component,score-spec__score-compose-273,CLI | CONFIGURATION,2,3,nvidia_all_merged.jsonl:223 | nvidia_all_merged.jsonl:497 | nvidia_all_merged.jsonl:2913,,,,,
Affected_Component,shapesecurity__salvation-192,CORE_BUSINESS_LOGIC | PARSING_SERIALIZATION,2,2,nvidia_all_merged.jsonl:1627 | nvidia_all_merged.jsonl:4,,,,,
Affected_Component,sharkdp__numbat-232,CORE_BUSINESS_LOGIC | LANGUAGE_RUNTIME,2,3,nvidia_all_merged.jsonl:2356 | nvidia_all_merged.jsonl:503 | nvidia_all_merged.jsonl:2662,,,,,
Affected_Component,shlinkio__shlink-1366,API_SDK | WEB_HTTP,2,2,nvidia_all_merged.jsonl:253 | nvidia_all_merged.jsonl:42,,,,,
Affected_Component,shlinkio__shlink-web-client-346,API_SDK | RENDERING_UI,2,2,nvidia_all_merged.jsonl:1123 | nvidia_all_merged.jsonl:295,,,,,
Affected_Component,shopware__frontends-1094,CORE_BUSINESS_LOGIC | RENDERING_UI,2,3,nvidia_all_merged.jsonl:318 | nvidia_all_merged.jsonl:68 | nvidia_all_merged.jsonl:988,,,,,
Affected_Component,silx-kit__silx-4090,API_SDK | FILESYSTEM_STORAGE,2,2,nvidia_all_merged.jsonl:2219 | nvidia_all_merged.jsonl:1981,,,,,
Affected_Component,sindresorhus__execa-604,API_SDK | CONCURRENCY_ASYNC,2,2,nvidia_all_merged.jsonl:1608 | nvidia_all_merged.jsonl:3096,,,,,
Affected_Component,sindresorhus__is-97,API_SDK | LANGUAGE_RUNTIME,2,3,nvidia_all_merged.jsonl:1634 | nvidia_all_merged.jsonl:3369 | nvidia_all_merged.jsonl:2895,,,,,
Affected_Component,smithy-lang__smithy-1955,CLI | CORE_BUSINESS_LOGIC,2,2,nvidia_all_merged.jsonl:687 | nvidia_all_merged.jsonl:2900,,,,,
Affected_Component,solid__community-server-330,API_SDK | AUTH_IDENTITY_PERMISSION | CONCURRENCY_ASYNC,3,3,nvidia_all_merged.jsonl:551 | nvidia_all_merged.jsonl:2402 | nvidia_all_merged.jsonl:2163,,,,,
Affected_Component,solid__community-server-697,CORE_BUSINESS_LOGIC | DATA_PROCESSING,2,2,nvidia_all_merged.jsonl:472 | nvidia_all_merged.jsonl:196,,,,,
Affected_Component,solid__community-server-841,CACHE | CORE_BUSINESS_LOGIC,2,2,nvidia_all_merged.jsonl:3290 | nvidia_all_merged.jsonl:2734,,,,,
Affected_Component,stylelint__vscode-stylelint-635,API_SDK | CORE_BUSINESS_LOGIC,2,2,nvidia_all_merged.jsonl:1945 | nvidia_all_merged.jsonl:364,,,,,
Affected_Component,sunng87__handlebars-rust-461,LANGUAGE_RUNTIME | PARSING_SERIALIZATION,2,2,nvidia_all_merged.jsonl:2693 | nvidia_all_merged.jsonl:830,,,,,
Affected_Component,sveltejs__prettier-plugin-svelte-282,PARSING_SERIALIZATION | RENDERING_UI,2,2,nvidia_all_merged.jsonl:2023 | nvidia_all_merged.jsonl:652,,,,,
Affected_Component,swc-project__swc-6386,LANGUAGE_RUNTIME | PARSING_SERIALIZATION,2,2,nvidia_all_merged.jsonl:1776 | nvidia_all_merged.jsonl:1189,,,,,
Affected_Component,swc-project__swc-8619,LANGUAGE_RUNTIME | PARSING_SERIALIZATION,2,2,nvidia_all_merged.jsonl:640 | nvidia_all_merged.jsonl:3028,,,,,
Affected_Component,tannerlinsley__react-query-2947,API_SDK | RENDERING_UI,2,2,nvidia_all_merged.jsonl:3164 | nvidia_all_merged.jsonl:2995,,,,,
Affected_Component,tanstack__router-2259,API_SDK | WEB_HTTP,2,3,nvidia_all_merged.jsonl:2312 | nvidia_all_merged.jsonl:2990 | nvidia_all_merged.jsonl:3032,,,,,
Affected_Component,tanstack__router-3269,API_SDK | PARSING_SERIALIZATION | RENDERING_UI,3,3,nvidia_all_merged.jsonl:1270 | nvidia_all_merged.jsonl:2057 | nvidia_all_merged.jsonl:1367,,,,,
Affected_Component,teleporthq__teleport-code-generators-351,CORE_BUSINESS_LOGIC | PARSING_SERIALIZATION,2,3,nvidia_all_merged.jsonl:606 | nvidia_all_merged.jsonl:859 | nvidia_all_merged.jsonl:1221,,,,,
Affected_Component,tetratelabs__wazero-1480,LANGUAGE_RUNTIME | TESTING_INFRASTRUCTURE,2,2,nvidia_all_merged.jsonl:1862 | nvidia_all_merged.jsonl:1663,,,,,
Affected_Component,threefoldtech__zos-2019,CORE_BUSINESS_LOGIC | DISTRIBUTED_SYSTEM,2,2,nvidia_all_merged.jsonl:722 | nvidia_all_merged.jsonl:492,,,,,
Affected_Component,toblerity__shapely-1192,CORE_BUSINESS_LOGIC | LANGUAGE_RUNTIME,2,2,nvidia_all_merged.jsonl:2838 | nvidia_all_merged.jsonl:2329,,,,,
Affected_Component,tweag__nickel-1848,NETWORK_PROTOCOL | PARSING_SERIALIZATION,2,2,nvidia_all_merged.jsonl:2651 | nvidia_all_merged.jsonl:2102,,,,,
Affected_Component,typescript-eslint__tslint-to-eslint-config-197,CONFIGURATION | CORE_BUSINESS_LOGIC,2,2,nvidia_all_merged.jsonl:3208 | nvidia_all_merged.jsonl:2779,,,,,
Affected_Component,typestack__class-validator-1785,API_SDK | DOCUMENTATION,2,3,nvidia_all_merged.jsonl:437 | nvidia_all_merged.jsonl:682 | nvidia_all_merged.jsonl:900,,,,,
Affected_Component,validatorjs__validator.js-1809,API_SDK | CORE_BUSINESS_LOGIC,2,3,nvidia_all_merged.jsonl:2288 | nvidia_all_merged.jsonl:506 | nvidia_all_merged.jsonl:2228,,,,,
Affected_Component,vegaprotocol__vegawallet-423,CLI | CONFIGURATION,2,2,nvidia_all_merged.jsonl:2144 | nvidia_all_merged.jsonl:123,,,,,
Affected_Component,vigetlabs__microcosm-406,API_SDK | CORE_BUSINESS_LOGIC | LANGUAGE_RUNTIME,3,3,nvidia_all_merged.jsonl:2086 | nvidia_all_merged.jsonl:3042 | nvidia_all_merged.jsonl:846,,,,,
Affected_Component,vmware-tanzu__carvel-imgpkg-443,CLI | CORE_BUSINESS_LOGIC,2,2,nvidia_all_merged.jsonl:907 | nvidia_all_merged.jsonl:2343,,,,,
Affected_Component,vuejs__composition-api-655,API_SDK | LANGUAGE_RUNTIME,2,2,nvidia_all_merged.jsonl:3239 | nvidia_all_merged.jsonl:2526,,,,,
Affected_Component,vuejs__eslint-plugin-vue-1222,CORE_BUSINESS_LOGIC | PARSING_SERIALIZATION,2,2,nvidia_all_merged.jsonl:2488 | nvidia_all_merged.jsonl:1740,,,,,
Affected_Component,vuejs__eslint-plugin-vue-1400,CORE_BUSINESS_LOGIC | PARSING_SERIALIZATION,2,2,nvidia_all_merged.jsonl:2176 | nvidia_all_merged.jsonl:3043,,,,,
Affected_Component,webpack-contrib__copy-webpack-plugin-477,CACHE | CONFIGURATION,2,3,nvidia_all_merged.jsonl:1063 | nvidia_all_merged.jsonl:2261 | nvidia_all_merged.jsonl:2496,,,,,
Affected_Component,websockets__ws-2160,CONCURRENCY_ASYNC | NETWORK_PROTOCOL,2,3,nvidia_all_merged.jsonl:1243 | nvidia_all_merged.jsonl:3204 | nvidia_all_merged.jsonl:1445,,,,,
Affected_Component,wheresrhys__fetch-mock-719,API_SDK | TESTING_INFRASTRUCTURE,2,3,nvidia_all_merged.jsonl:2796 | nvidia_all_merged.jsonl:1673 | nvidia_all_merged.jsonl:2484,,,,,
Affected_Component,yoctol__bottender-572,API_SDK | CONCURRENCY_ASYNC,2,2,nvidia_all_merged.jsonl:933 | nvidia_all_merged.jsonl:717,,,,,
Affected_Component,yshavit__mdq-185,CONFIGURATION | PARSING_SERIALIZATION,2,2,nvidia_all_merged.jsonl:2082 | nvidia_all_merged.jsonl:1866,,,,,
Affected_Component,yshavit__mdq-309,LANGUAGE_RUNTIME | TESTING_INFRASTRUCTURE,2,2,nvidia_all_merged.jsonl:456 | nvidia_all_merged.jsonl:2664,,,,,
Affected_Component,zhiburt__tabled-34,LANGUAGE_RUNTIME | PARSING_SERIALIZATION,2,3,nvidia_all_merged.jsonl:1662 | nvidia_all_merged.jsonl:1765 | nvidia_all_merged.jsonl:3218,,,,,
Defect_Type,a-h__templ-1159,RENDERING_FORMATTING_ERROR | SERIALIZATION_FORMAT_ERROR,2,2,nvidia_all_merged.jsonl:3082 | nvidia_all_merged.jsonl:3244,,,,,
Defect_Type,armmbed__yotta-656,INPUT_VALIDATION_ERROR | MISSING_UNSUPPORTED_FEATURE,2,2,nvidia_all_merged.jsonl:2385 | nvidia_all_merged.jsonl:560,,,,,
Defect_Type,authorjapps__zerocode-490,API_CONTRACT_ERROR | TYPE_SCHEMA_ERROR,2,3,nvidia_all_merged.jsonl:512 | nvidia_all_merged.jsonl:1863 | nvidia_all_merged.jsonl:2074,,,,,
Defect_Type,external-secrets__external-secrets-3500,API_CONTRACT_ERROR | MISSING_UNSUPPORTED_FEATURE,2,2,nvidia_all_merged.jsonl:2186 | nvidia_all_merged.jsonl:675,,,,,
Defect_Type,flekschas__regl-scatterplot-207,MISSING_UNSUPPORTED_FEATURE | RENDERING_FORMATTING_ERROR,2,3,nvidia_all_merged.jsonl:1698 | nvidia_all_merged.jsonl:730 | nvidia_all_merged.jsonl:2113,,,,,
Defect_Type,formidablelabs__urql-305,API_CONTRACT_ERROR | MISSING_UNSUPPORTED_FEATURE,2,3,nvidia_all_merged.jsonl:1184 | nvidia_all_merged.jsonl:1560 | nvidia_all_merged.jsonl:2992,,,,,
Defect_Type,fppt__jedis-mock-67,ALGORITHM_LOGIC_ERROR | MISSING_UNSUPPORTED_FEATURE | ORDERING_ERROR,3,3,nvidia_all_merged.jsonl:1631 | nvidia_all_merged.jsonl:2562 | nvidia_all_merged.jsonl:1364,,,,,
Defect_Type,gakonst__ethers-rs-1653,MISSING_UNSUPPORTED_FEATURE | TYPE_SCHEMA_ERROR,2,2,nvidia_all_merged.jsonl:1504 | nvidia_all_merged.jsonl:2462,,,,,
Defect_Type,gakonst__ethers-rs-972,ALGORITHM_LOGIC_ERROR | DUPLICATION_ERROR,2,2,nvidia_all_merged.jsonl:2962 | nvidia_all_merged.jsonl:1194,,,,,
Defect_Type,gavv__httpexpect-194,API_CONTRACT_ERROR | RENDERING_FORMATTING_ERROR,2,2,nvidia_all_merged.jsonl:757 | nvidia_all_merged.jsonl:385,,,,,
Defect_Type,gcanti__io-ts-222,INPUT_VALIDATION_ERROR | TYPE_SCHEMA_ERROR,2,2,nvidia_all_merged.jsonl:2314 | nvidia_all_merged.jsonl:3229,,,,,
Defect_Type,getkin__kin-openapi-355,API_CONTRACT_ERROR | INPUT_VALIDATION_ERROR,2,4,nvidia_all_merged.jsonl:654 | nvidia_all_merged.jsonl:1223 | nvidia_all_merged.jsonl:2589 | nvidia_all_merged.jsonl:3147,,,,,
Defect_Type,getmoto__moto-6469,INPUT_VALIDATION_ERROR | MISSING_UNSUPPORTED_FEATURE,2,2,nvidia_all_merged.jsonl:2862 | nvidia_all_merged.jsonl:3126,,,,,
Defect_Type,getmoto__moto-6618,MISSING_UNSUPPORTED_FEATURE | SERIALIZATION_FORMAT_ERROR,2,2,nvidia_all_merged.jsonl:922 | nvidia_all_merged.jsonl:3205,,,,,
Defect_Type,getmoto__moto-7212,API_CONTRACT_ERROR | MISSING_UNSUPPORTED_FEATURE,2,4,nvidia_all_merged.jsonl:2987 | nvidia_all_merged.jsonl:153 | nvidia_all_merged.jsonl:403 | nvidia_all_merged.jsonl:2689,,,,,
Defect_Type,getmoto__moto-7968,API_CONTRACT_ERROR | STATE_LIFECYCLE_ERROR,2,2,nvidia_all_merged.jsonl:3061 | nvidia_all_merged.jsonl:1892,,,,,
Defect_Type,getsentry__sentry-rust-712,DATA_MUTATION_LOSS_ERROR | MISSING_UNSUPPORTED_FEATURE,2,2,nvidia_all_merged.jsonl:827 | nvidia_all_merged.jsonl:587,,,,,
Defect_Type,go-acme__lego-2574,API_CONTRACT_ERROR | MISSING_UNSUPPORTED_FEATURE,2,2,nvidia_all_merged.jsonl:66 | nvidia_all_merged.jsonl:2351,,,,,
Defect_Type,go-kratos__kratos-3134,ALGORITHM_LOGIC_ERROR | RENDERING_FORMATTING_ERROR,2,3,nvidia_all_merged.jsonl:2872 | nvidia_all_merged.jsonl:430 | nvidia_all_merged.jsonl:1077,,,,,
Defect_Type,goccy__go-yaml-330,SERIALIZATION_FORMAT_ERROR | SYNTAX_PARSE_ERROR,2,2,nvidia_all_merged.jsonl:1734 | nvidia_all_merged.jsonl:2020,,,,,
Defect_Type,google__go-github-1384,API_CONTRACT_ERROR | MISSING_UNSUPPORTED_FEATURE,2,3,nvidia_all_merged.jsonl:1856 | nvidia_all_merged.jsonl:2815 | nvidia_all_merged.jsonl:3333,,,,,
Defect_Type,google__go-github-1847,API_CONTRACT_ERROR | MISSING_UNSUPPORTED_FEATURE,2,3,nvidia_all_merged.jsonl:515 | nvidia_all_merged.jsonl:1522 | nvidia_all_merged.jsonl:3019,,,,,
Defect_Type,google__go-github-2235,API_CONTRACT_ERROR | MISSING_UNSUPPORTED_FEATURE,2,2,nvidia_all_merged.jsonl:2830 | nvidia_all_merged.jsonl:574,,,,,
Defect_Type,google__turbinia-484,EXCEPTION_HANDLING_ERROR | MISSING_UNSUPPORTED_FEATURE,2,2,nvidia_all_merged.jsonl:3067 | nvidia_all_merged.jsonl:399,,,,,
Defect_Type,googleapis__java-storage-102,INPUT_VALIDATION_ERROR | TYPE_SCHEMA_ERROR,2,2,nvidia_all_merged.jsonl:1208 | nvidia_all_merged.jsonl:155,,,,,
Defect_Type,googleapis__java-storage-390,API_CONTRACT_ERROR | MISSING_UNSUPPORTED_FEATURE,2,2,nvidia_all_merged.jsonl:2420 | nvidia_all_merged.jsonl:337,,,,,
Defect_Type,googleapis__java-storage-479,MISSING_UNSUPPORTED_FEATURE | NULL_EMPTY_INPUT_ERROR,2,2,nvidia_all_merged.jsonl:2834 | nvidia_all_merged.jsonl:2991,,,,,
Defect_Type,googlechrome__lighthouse-10801,ALGORITHM_LOGIC_ERROR | CALCULATION_NUMERICAL_ERROR,2,2,nvidia_all_merged.jsonl:836 | nvidia_all_merged.jsonl:1827,,,,,
Defect_Type,googlechrome__lighthouse-6347,ASYNC_EVENT_SCHEDULING_ERROR | MISSING_UNSUPPORTED_FEATURE,2,2,nvidia_all_merged.jsonl:726 | nvidia_all_merged.jsonl:2168,,,,,
Defect_Type,googlechrome__lighthouse-6874,MISSING_UNSUPPORTED_FEATURE | TEST_DISCOVERY_EXECUTION_ERROR,2,2,nvidia_all_merged.jsonl:785 | nvidia_all_merged.jsonl:305,,,,,
Defect_Type,googlechrome__lighthouse-9073,MISSING_UNSUPPORTED_FEATURE | RENDERING_FORMATTING_ERROR,2,2,nvidia_all_merged.jsonl:2844 | nvidia_all_merged.jsonl:1019,,,,,
Defect_Type,googlefonts__fontations-999,BOUNDARY_RANGE_ERROR | MISSING_UNSUPPORTED_FEATURE,2,2,nvidia_all_merged.jsonl:287 | nvidia_all_merged.jsonl:989,,,,,
Defect_Type,googlefonts__fontc-979,API_CONTRACT_ERROR | MISSING_UNSUPPORTED_FEATURE,2,2,nvidia_all_merged.jsonl:760 | nvidia_all_merged.jsonl:453,,,,,
Defect_Type,googlemaps__js-api-loader-99,API_CONTRACT_ERROR | STATE_LIFECYCLE_ERROR,2,3,nvidia_all_merged.jsonl:1948 | nvidia_all_merged.jsonl:2192 | nvidia_all_merged.jsonl:1226,,,,,
Defect_Type,gotenberg__gotenberg-1015,API_CONTRACT_ERROR | MISSING_UNSUPPORTED_FEATURE,2,2,nvidia_all_merged.jsonl:2686 | nvidia_all_merged.jsonl:207,,,,,
Defect_Type,gotenberg__gotenberg-971,API_CONTRACT_ERROR | MISSING_UNSUPPORTED_FEATURE,2,2,nvidia_all_merged.jsonl:96 | nvidia_all_merged.jsonl:276,,,,,
Defect_Type,graphhopper__graphhopper-2411,ALGORITHM_LOGIC_ERROR | MISSING_UNSUPPORTED_FEATURE,2,2,nvidia_all_merged.jsonl:1357 | nvidia_all_merged.jsonl:1691,,,,,
Defect_Type,graphhopper__graphhopper-2924,ALGORITHM_LOGIC_ERROR | BOUNDARY_RANGE_ERROR,2,3,nvidia_all_merged.jsonl:2912 | nvidia_all_merged.jsonl:255 | nvidia_all_merged.jsonl:545,,,,,
Defect_Type,helm__helm-12177,API_CONTRACT_ERROR | MISSING_UNSUPPORTED_FEATURE,2,2,nvidia_all_merged.jsonl:323 | nvidia_all_merged.jsonl:2500,,,,,
Defect_Type,helm__helm-7217,ASYNC_EVENT_SCHEDULING_ERROR | CONFIGURATION_ARGUMENT_ERROR | INPUT_VALIDATION_ERROR,3,4,nvidia_all_merged.jsonl:436 | nvidia_all_merged.jsonl:622 | nvidia_all_merged.jsonl:3454 | nvidia_all_merged.jsonl:3392,,,,,
Defect_Type,huntabyte__shadcn-svelte-2129,API_CONTRACT_ERROR | CONFIGURATION_ARGUMENT_ERROR,2,2,nvidia_all_merged.jsonl:2585 | nvidia_all_merged.jsonl:524,,,,,
Defect_Type,iamconsortium__pyam-305,API_CONTRACT_ERROR | CONFIGURATION_ARGUMENT_ERROR | MISSING_UNSUPPORTED_FEATURE,3,3,nvidia_all_merged.jsonl:910 | nvidia_all_merged.jsonl:2202 | nvidia_all_merged.jsonl:2797,,,,,
Defect_Type,inovex__scrumlr.io-1877,DATA_MUTATION_LOSS_ERROR | STATE_LIFECYCLE_ERROR,2,2,nvidia_all_merged.jsonl:2109 | nvidia_all_merged.jsonl:344,,,,,
Defect_Type,jazzband__django-axes-865,MISSING_UNSUPPORTED_FEATURE | STATE_LIFECYCLE_ERROR,2,2,nvidia_all_merged.jsonl:3105 | nvidia_all_merged.jsonl:2989,,,,,
Defect_Type,jedib0t__go-pretty-306,MISSING_UNSUPPORTED_FEATURE | ORDERING_ERROR,2,3,nvidia_all_merged.jsonl:787 | nvidia_all_merged.jsonl:2781 | nvidia_all_merged.jsonl:3267,,,,,
Defect_Type,jhipster__generator-jhipster-11631,RETURN_VALUE_ERROR | SERIALIZATION_FORMAT_ERROR,2,2,nvidia_all_merged.jsonl:80 | nvidia_all_merged.jsonl:765,,,,,
Defect_Type,jlowin__fastmcp-128,API_CONTRACT_ERROR | CONFIGURATION_ARGUMENT_ERROR,2,2,nvidia_all_merged.jsonl:2426 | nvidia_all_merged.jsonl:2070,,,,,
Defect_Type,jorgecarleitao__arrow2-1448,BOUNDARY_RANGE_ERROR | MISSING_UNSUPPORTED_FEATURE,2,3,nvidia_all_merged.jsonl:3178 | nvidia_all_merged.jsonl:762 | nvidia_all_merged.jsonl:3419,,,,,
Defect_Type,joshuakgoldberg__bingo-270,API_CONTRACT_ERROR | TYPE_SCHEMA_ERROR,2,2,nvidia_all_merged.jsonl:2362 | nvidia_all_merged.jsonl:252,,,,,
Defect_Type,joshuakgoldberg__create-typescript-app-1986,API_CONTRACT_ERROR | MISSING_UNSUPPORTED_FEATURE,2,2,nvidia_all_merged.jsonl:3320 | nvidia_all_merged.jsonl:984,,,,,
Defect_Type,joshuakgoldberg__tslint-to-eslint-config-70,API_CONTRACT_ERROR | MISSING_UNSUPPORTED_FEATURE,2,2,nvidia_all_merged.jsonl:321 | nvidia_all_merged.jsonl:2340,,,,,
Defect_Type,jsonata-js__jsonata-372,ALGORITHM_LOGIC_ERROR | RETURN_VALUE_ERROR,2,2,nvidia_all_merged.jsonl:149 | nvidia_all_merged.jsonl:394,,,,,
Defect_Type,jsonmapper__jsonmapper-122,API_CONTRACT_ERROR | EXCEPTION_HANDLING_ERROR,2,4,nvidia_all_merged.jsonl:573 | nvidia_all_merged.jsonl:2004 | nvidia_all_merged.jsonl:3088 | nvidia_all_merged.jsonl:2631,,,,,
Defect_Type,k1low__tbls-600,INPUT_VALIDATION_ERROR | SYNTAX_PARSE_ERROR,2,2,nvidia_all_merged.jsonl:2845 | nvidia_all_merged.jsonl:1649,,,,,
Defect_Type,kdr-aus__ogma-101,ALGORITHM_LOGIC_ERROR | TYPE_SCHEMA_ERROR,2,2,nvidia_all_merged.jsonl:3463 | nvidia_all_merged.jsonl:2780,,,,,
Defect_Type,keras-team__keras-19829,CALCULATION_NUMERICAL_ERROR | MISSING_UNSUPPORTED_FEATURE,2,2,nvidia_all_merged.jsonl:542 | nvidia_all_merged.jsonl:3344,,,,,
Defect_Type,keras-team__keras-19838,ALGORITHM_LOGIC_ERROR | TYPE_SCHEMA_ERROR,2,2,nvidia_all_merged.jsonl:3181 | nvidia_all_merged.jsonl:857,,,,,
Defect_Type,keras-team__keras-nlp-1166,API_CONTRACT_ERROR | MISSING_UNSUPPORTED_FEATURE,2,2,nvidia_all_merged.jsonl:1601 | nvidia_all_merged.jsonl:2162,,,,,
Defect_Type,kestra-io__kestra-2968,MISSING_UNSUPPORTED_FEATURE | STATE_LIFECYCLE_ERROR,2,2,nvidia_all_merged.jsonl:3166 | nvidia_all_merged.jsonl:1179,,,,,
Defect_Type,kestra-io__kestra-3565,API_CONTRACT_ERROR | MISSING_UNSUPPORTED_FEATURE,2,3,nvidia_all_merged.jsonl:2613 | nvidia_all_merged.jsonl:493 | nvidia_all_merged.jsonl:2440,,,,,
Defect_Type,kestra-io__kestra-6046,ALGORITHM_LOGIC_ERROR | STATE_LIFECYCLE_ERROR,2,2,nvidia_all_merged.jsonl:2896 | nvidia_all_merged.jsonl:860,,,,,
Defect_Type,knative-sandbox__eventing-rabbitmq-1163,DATA_MUTATION_LOSS_ERROR | STATE_LIFECYCLE_ERROR,2,2,nvidia_all_merged.jsonl:1477 | nvidia_all_merged.jsonl:1085,,,,,
Defect_Type,knative__client-1289,MISSING_UNSUPPORTED_FEATURE | RENDERING_FORMATTING_ERROR,2,3,nvidia_all_merged.jsonl:2422 | nvidia_all_merged.jsonl:1552 | nvidia_all_merged.jsonl:2600,,,,,
Defect_Type,knative__client-1333,ASYNC_EVENT_SCHEDULING_ERROR | CONCURRENCY_RACE_DEADLOCK_ERROR,2,3,nvidia_all_merged.jsonl:203 | nvidia_all_merged.jsonl:2233 | nvidia_all_merged.jsonl:1990,,,,,
Defect_Type,knuckleswtf__scribe-826,ALGORITHM_LOGIC_ERROR | TYPE_SCHEMA_ERROR,2,2,nvidia_all_merged.jsonl:2482 | nvidia_all_merged.jsonl:2929,,,,,
Defect_Type,kubernetes-sigs__aws-alb-ingress-controller-1172,INPUT_VALIDATION_ERROR | STATE_LIFECYCLE_ERROR,2,5,nvidia_all_merged.jsonl:158 | nvidia_all_merged.jsonl:715 | nvidia_all_merged.jsonl:925 | nvidia_all_merged.jsonl:2603 | nvidia_all_merged.jsonl:2425,,,,,
Defect_Type,kubernetes-sigs__gcp-filestore-csi-driver-59,API_CONTRACT_ERROR | INPUT_VALIDATION_ERROR | STATE_LIFECYCLE_ERROR,3,4,nvidia_all_merged.jsonl:326 | nvidia_all_merged.jsonl:3250 | nvidia_all_merged.jsonl:3107 | nvidia_all_merged.jsonl:1573,,,,,
Defect_Type,kubernetes-sigs__krew-695,API_CONTRACT_ERROR | STATE_LIFECYCLE_ERROR,2,2,nvidia_all_merged.jsonl:886 | nvidia_all_merged.jsonl:358,,,,,
Defect_Type,lingui__js-lingui-1059,ALGORITHM_LOGIC_ERROR | CACHE_INVALIDATION_ERROR,2,2,nvidia_all_merged.jsonl:1125 | nvidia_all_merged.jsonl:476,,,,,
Defect_Type,maizzle__framework-1144,API_CONTRACT_ERROR | RENDERING_FORMATTING_ERROR,2,2,nvidia_all_merged.jsonl:92 | nvidia_all_merged.jsonl:2096,,,,,
Defect_Type,mandarons__icloud-drive-docker-191,FILE_PATH_ERROR | INPUT_VALIDATION_ERROR,2,2,nvidia_all_merged.jsonl:1567 | nvidia_all_merged.jsonl:2135,,,,,
Defect_Type,marpple__fxts-169,API_CONTRACT_ERROR | NULL_EMPTY_INPUT_ERROR | TYPE_SCHEMA_ERROR,3,3,nvidia_all_merged.jsonl:2049 | nvidia_all_merged.jsonl:2525 | nvidia_all_merged.jsonl:820,,,,,
Defect_Type,marpple__fxts-54,API_CONTRACT_ERROR | MISSING_UNSUPPORTED_FEATURE | RETURN_VALUE_ERROR,3,3,nvidia_all_merged.jsonl:2553 | nvidia_all_merged.jsonl:1931 | nvidia_all_merged.jsonl:341,,,,,
Defect_Type,matchms__matchms-543,API_CONTRACT_ERROR | RESOURCE_MANAGEMENT_ERROR,2,4,nvidia_all_merged.jsonl:1895 | nvidia_all_merged.jsonl:2107 | nvidia_all_merged.jsonl:2399 | nvidia_all_merged.jsonl:905,,,,,
Defect_Type,meltano__sdk-2136,SERIALIZATION_FORMAT_ERROR | TYPE_SCHEMA_ERROR,2,2,nvidia_all_merged.jsonl:246 | nvidia_all_merged.jsonl:35,,,,,
Defect_Type,microsoft__qsharp-1118,MISSING_UNSUPPORTED_FEATURE | STATE_LIFECYCLE_ERROR,2,2,nvidia_all_merged.jsonl:3004 | nvidia_all_merged.jsonl:1823,,,,,
Defect_Type,modin-project__modin-7396,CONFIGURATION_ARGUMENT_ERROR | ORDERING_ERROR,2,2,nvidia_all_merged.jsonl:19 | nvidia_all_merged.jsonl:267,,,,,
Defect_Type,mpmath__mpmath-819,MISSING_UNSUPPORTED_FEATURE | RENDERING_FORMATTING_ERROR,2,4,nvidia_all_merged.jsonl:1305 | nvidia_all_merged.jsonl:44 | nvidia_all_merged.jsonl:2008 | nvidia_all_merged.jsonl:3438,,,,,
Defect_Type,netapp__harvest-1326,CALCULATION_NUMERICAL_ERROR | SERIALIZATION_FORMAT_ERROR,2,2,nvidia_all_merged.jsonl:30 | nvidia_all_merged.jsonl:848,,,,,
Defect_Type,nginx__nginx-gateway-fabric-3390,API_CONTRACT_ERROR | MISSING_UNSUPPORTED_FEATURE,2,2,nvidia_all_merged.jsonl:146 | nvidia_all_merged.jsonl:3155,,,,,
Defect_Type,nicklaw5__helix-200,MISSING_UNSUPPORTED_FEATURE | STATE_LIFECYCLE_ERROR,2,2,nvidia_all_merged.jsonl:57 | nvidia_all_merged.jsonl:1453,,,,,
Defect_Type,niconoe__pyinaturalist-86,API_CONTRACT_ERROR | SERIALIZATION_FORMAT_ERROR,2,3,nvidia_all_merged.jsonl:2822 | nvidia_all_merged.jsonl:564 | nvidia_all_merged.jsonl:813,,,,,
Defect_Type,nightwatchjs__nightwatch-3335,CONFIGURATION_ARGUMENT_ERROR | MISSING_UNSUPPORTED_FEATURE,2,2,nvidia_all_merged.jsonl:1061 | nvidia_all_merged.jsonl:3424,,,,,
Defect_Type,nzakas__eslint-plugin-typescript-116,MISSING_UNSUPPORTED_FEATURE | TYPE_SCHEMA_ERROR,2,2,nvidia_all_merged.jsonl:3285 | nvidia_all_merged.jsonl:784,,,,,
Defect_Type,obsidian-tasks-group__obsidian-tasks-1592,API_CONTRACT_ERROR | DEPENDENCY_RESOLUTION_ERROR,2,2,nvidia_all_merged.jsonl:763 | nvidia_all_merged.jsonl:1261,,,,,
Defect_Type,okonet__lint-staged-421,DUPLICATION_ERROR | RENDERING_FORMATTING_ERROR,2,3,nvidia_all_merged.jsonl:526 | nvidia_all_merged.jsonl:2579 | nvidia_all_merged.jsonl:2380,,,,,
Defect_Type,oliverschwendener__ueli-1331,CONFIGURATION_ARGUMENT_ERROR | FILE_PATH_ERROR,2,2,nvidia_all_merged.jsonl:1809 | nvidia_all_merged.jsonl:2371,,,,,
Defect_Type,omni-us__jsonargparse-530,API_CONTRACT_ERROR | TYPE_SCHEMA_ERROR,2,2,nvidia_all_merged.jsonl:1949 | nvidia_all_merged.jsonl:2377,,,,,
Defect_Type,omni-us__jsonargparse-660,API_CONTRACT_ERROR | MISSING_UNSUPPORTED_FEATURE,2,2,nvidia_all_merged.jsonl:2937 | nvidia_all_merged.jsonl:3302,,,,,
Defect_Type,open-telemetry__opentelemetry-operator-3962,API_CONTRACT_ERROR | CONFIGURATION_ARGUMENT_ERROR,2,3,nvidia_all_merged.jsonl:919 | nvidia_all_merged.jsonl:258 | nvidia_all_merged.jsonl:3051,,,,,
Defect_Type,open-telemetry__opentelemetry-php-1077,MISSING_UNSUPPORTED_FEATURE | SERIALIZATION_FORMAT_ERROR,2,2,nvidia_all_merged.jsonl:3405 | nvidia_all_merged.jsonl:3272,,,,,
Defect_Type,openyurtio__openyurt-950,CONFIGURATION_ARGUMENT_ERROR | MISSING_UNSUPPORTED_FEATURE,2,2,nvidia_all_merged.jsonl:611 | nvidia_all_merged.jsonl:3041,,,,,
Defect_Type,orhun__git-cliff-369,API_CONTRACT_ERROR | MISSING_UNSUPPORTED_FEATURE,2,3,nvidia_all_merged.jsonl:1989 | nvidia_all_merged.jsonl:745 | nvidia_all_merged.jsonl:2391,,,,,
Defect_Type,osbuild__osbuild-composer-709,API_CONTRACT_ERROR | STATE_LIFECYCLE_ERROR,2,2,nvidia_all_merged.jsonl:2257 | nvidia_all_merged.jsonl:389,,,,,
Defect_Type,ossf__package-analysis-525,ALGORITHM_LOGIC_ERROR | MISSING_UNSUPPORTED_FEATURE,2,3,nvidia_all_merged.jsonl:122 | nvidia_all_merged.jsonl:2826 | nvidia_all_merged.jsonl:623,,,,,
Defect_Type,packit__packit-2589,API_CONTRACT_ERROR | MISSING_UNSUPPORTED_FEATURE,2,2,nvidia_all_merged.jsonl:464 | nvidia_all_merged.jsonl:2213,,,,,
Defect_Type,palantir__policy-bot-302,STATE_LIFECYCLE_ERROR | TYPE_SCHEMA_ERROR,2,2,nvidia_all_merged.jsonl:416 | nvidia_all_merged.jsonl:2556,,,,,
Defect_Type,pallets__werkzeug-2655,API_CONTRACT_ERROR | MISSING_UNSUPPORTED_FEATURE,2,2,nvidia_all_merged.jsonl:3446 | nvidia_all_merged.jsonl:379,,,,,
Defect_Type,pandas-dev__pandas-50647,API_CONTRACT_ERROR | MISSING_UNSUPPORTED_FEATURE,2,2,nvidia_all_merged.jsonl:2181 | nvidia_all_merged.jsonl:2475,,,,,
Defect_Type,pandas-dev__pandas-60359,INPUT_VALIDATION_ERROR | MISSING_UNSUPPORTED_FEATURE,2,2,nvidia_all_merged.jsonl:2700 | nvidia_all_merged.jsonl:697,,,,,
Defect_Type,pandas-dev__pandas-61577,MISSING_UNSUPPORTED_FEATURE | VERSION_COMPATIBILITY_ERROR,2,2,nvidia_all_merged.jsonl:1030 | nvidia_all_merged.jsonl:188,,,,,
Defect_Type,paritytech__ink-2100,MISSING_UNSUPPORTED_FEATURE | RESOURCE_MANAGEMENT_ERROR,2,2,nvidia_all_merged.jsonl:592 | nvidia_all_merged.jsonl:3009,,,,,
Defect_Type,pbiswas101__mathball-131,INPUT_VALIDATION_ERROR | MISSING_UNSUPPORTED_FEATURE,2,2,nvidia_all_merged.jsonl:868 | nvidia_all_merged.jsonl:2880,,,,,
Defect_Type,pennylaneai__pennylane-1464,API_CONTRACT_ERROR | TYPE_SCHEMA_ERROR,2,2,nvidia_all_merged.jsonl:345 | nvidia_all_merged.jsonl:2717,,,,,
Defect_Type,pennylaneai__pennylane-4827,API_CONTRACT_ERROR | VERSION_COMPATIBILITY_ERROR,2,2,nvidia_all_merged.jsonl:1088 | nvidia_all_merged.jsonl:431,,,,,
Defect_Type,pennylaneai__pennylane-5063,ALGORITHM_LOGIC_ERROR | API_CONTRACT_ERROR,2,2,nvidia_all_merged.jsonl:2876 | nvidia_all_merged.jsonl:1579,,,,,
Defect_Type,phpactor__phpactor-2273,API_CONTRACT_ERROR | CONFIGURATION_ARGUMENT_ERROR | TYPE_SCHEMA_ERROR,3,3,nvidia_all_merged.jsonl:2668 | nvidia_all_merged.jsonl:539 | nvidia_all_merged.jsonl:359,,,,,
Defect_Type,phpoffice__phpspreadsheet-4080,MISSING_UNSUPPORTED_FEATURE | RETURN_VALUE_ERROR,2,2,nvidia_all_merged.jsonl:1069 | nvidia_all_merged.jsonl:1964,,,,,
Defect_Type,phpoffice__phpspreadsheet-4326,SERIALIZATION_FORMAT_ERROR | STATE_LIFECYCLE_ERROR,2,3,nvidia_all_merged.jsonl:2158 | nvidia_all_merged.jsonl:2454 | nvidia_all_merged.jsonl:157,,,,,
Defect_Type,pingcap__tidb-tools-847,API_CONTRACT_ERROR | CONFIGURATION_ARGUMENT_ERROR,2,2,nvidia_all_merged.jsonl:1053 | nvidia_all_merged.jsonl:62,,,,,
Defect_Type,pion__ice-34,ALGORITHM_LOGIC_ERROR | NETWORK_PROTOCOL_ERROR,2,2,nvidia_all_merged.jsonl:2994 | nvidia_all_merged.jsonl:656,,,,,
Defect_Type,pions__webrtc-543,EXCEPTION_HANDLING_ERROR | STATE_LIFECYCLE_ERROR,2,2,nvidia_all_merged.jsonl:1588 | nvidia_all_merged.jsonl:162,,,,,
Defect_Type,pipxproject__pipx-530,ALGORITHM_LOGIC_ERROR | DATA_MUTATION_LOSS_ERROR,2,2,nvidia_all_merged.jsonl:750 | nvidia_all_merged.jsonl:111,,,,,
Defect_Type,platers__obsidian-linter-762,API_CONTRACT_ERROR | CONFIGURATION_ARGUMENT_ERROR,2,2,nvidia_all_merged.jsonl:2127 | nvidia_all_merged.jsonl:2489,,,,,
Defect_Type,platers__obsidian-linter-979,ALGORITHM_LOGIC_ERROR | ORDERING_ERROR,2,3,nvidia_all_merged.jsonl:3094 | nvidia_all_merged.jsonl:1590 | nvidia_all_merged.jsonl:2366,,,,,
Defect_Type,postlund__pyatv-1098,MISSING_UNSUPPORTED_FEATURE | NETWORK_PROTOCOL_ERROR,2,3,nvidia_all_merged.jsonl:676 | nvidia_all_merged.jsonl:3108 | nvidia_all_merged.jsonl:2665,,,,,
Defect_Type,primefaces__primefaces-13561,MISSING_UNSUPPORTED_FEATURE | RENDERING_FORMATTING_ERROR,2,2,nvidia_all_merged.jsonl:835 | nvidia_all_merged.jsonl:3193,,,,,
Defect_Type,projectevergreen__wcc-184,DATA_MUTATION_LOSS_ERROR | SERIALIZATION_FORMAT_ERROR,2,2,nvidia_all_merged.jsonl:2189 | nvidia_all_merged.jsonl:1174,,,,,
Defect_Type,prql__prql-564,ALGORITHM_LOGIC_ERROR | MISSING_UNSUPPORTED_FEATURE,2,2,nvidia_all_merged.jsonl:2652 | nvidia_all_merged.jsonl:1474,,,,,
Defect_Type,puppetlabs__wash-229,API_CONTRACT_ERROR | MISSING_UNSUPPORTED_FEATURE,2,2,nvidia_all_merged.jsonl:2330 | nvidia_all_merged.jsonl:1915,,,,,
Defect_Type,py-cov-action__python-coverage-comment-action-323,ALGORITHM_LOGIC_ERROR | MISSING_UNSUPPORTED_FEATURE,2,2,nvidia_all_merged.jsonl:2383 | nvidia_all_merged.jsonl:2210,,,,,
Defect_Type,py-cov-action__python-coverage-comment-action-84,API_CONTRACT_ERROR | VERSION_COMPATIBILITY_ERROR,2,2,nvidia_all_merged.jsonl:616 | nvidia_all_merged.jsonl:2223,,,,,
Defect_Type,pybamm-team__pybamm-4650,MISSING_UNSUPPORTED_FEATURE | RENDERING_FORMATTING_ERROR,2,2,nvidia_all_merged.jsonl:1922 | nvidia_all_merged.jsonl:2147,,,,,
Defect_Type,pyccel__pyccel-2082,MISSING_UNSUPPORTED_FEATURE | TYPE_SCHEMA_ERROR,2,2,nvidia_all_merged.jsonl:3378 | nvidia_all_merged.jsonl:1222,,,,,
Defect_Type,pyjanitor-devs__pyjanitor-1029,API_CONTRACT_ERROR | MISSING_UNSUPPORTED_FEATURE,2,2,nvidia_all_merged.jsonl:55 | nvidia_all_merged.jsonl:2528,,,,,
Defect_Type,pyjanitor-devs__pyjanitor-1112,CALCULATION_NUMERICAL_ERROR | MISSING_UNSUPPORTED_FEATURE,2,3,nvidia_all_merged.jsonl:2558 | nvidia_all_merged.jsonl:3104 | nvidia_all_merged.jsonl:3251,,,,,
Defect_Type,python-markdown__markdown-1071,RENDERING_FORMATTING_ERROR | SERIALIZATION_FORMAT_ERROR,2,2,nvidia_all_merged.jsonl:2142 | nvidia_all_merged.jsonl:229,,,,,
Defect_Type,qiskit-community__ffsim-88,API_CONTRACT_ERROR | CONFIGURATION_ARGUMENT_ERROR,2,6,nvidia_all_merged.jsonl:53 | nvidia_all_merged.jsonl:2030 | nvidia_all_merged.jsonl:2617 | nvidia_all_merged.jsonl:3331 | nvidia_all_merged.jsonl:270 | nvidia_all_merged.jsonl:556,,,,,
Defect_Type,qiskit__qiskit-ibm-runtime-514,CONFIGURATION_ARGUMENT_ERROR | STATE_LIFECYCLE_ERROR,2,2,nvidia_all_merged.jsonl:1805 | nvidia_all_merged.jsonl:2331,,,,,
Defect_Type,randombit__botan-4222,ALGORITHM_LOGIC_ERROR | SERIALIZATION_FORMAT_ERROR,2,2,nvidia_all_merged.jsonl:2455 | nvidia_all_merged.jsonl:1841,,,,,
Defect_Type,reactphp__promise-248,MISSING_UNSUPPORTED_FEATURE | STATE_LIFECYCLE_ERROR,2,2,nvidia_all_merged.jsonl:1657 | nvidia_all_merged.jsonl:45,,,,,
Defect_Type,reduxjs__redux-toolkit-943,API_CONTRACT_ERROR | RETURN_VALUE_ERROR,2,3,nvidia_all_merged.jsonl:1909 | nvidia_all_merged.jsonl:2559 | nvidia_all_merged.jsonl:2708,,,,,
Defect_Type,remotemobprogramming__mob-421,MISSING_UNSUPPORTED_FEATURE | RETURN_VALUE_ERROR,2,2,nvidia_all_merged.jsonl:2909 | nvidia_all_merged.jsonl:3071,,,,,
Defect_Type,remy__nodemon-1167,ASYNC_EVENT_SCHEDULING_ERROR | STATE_LIFECYCLE_ERROR,2,3,nvidia_all_merged.jsonl:133 | nvidia_all_merged.jsonl:378 | nvidia_all_merged.jsonl:672,,,,,
Defect_Type,robintail__express-zod-api-714,ALGORITHM_LOGIC_ERROR | NETWORK_PROTOCOL_ERROR,2,3,nvidia_all_merged.jsonl:1980 | nvidia_all_merged.jsonl:411 | nvidia_all_merged.jsonl:683,,,,,
Defect_Type,roboll__helmfile-2121,RENDERING_FORMATTING_ERROR | VERSION_COMPATIBILITY_ERROR,2,2,nvidia_all_merged.jsonl:856 | nvidia_all_merged.jsonl:292,,,,,
Defect_Type,roskakori__pygount-43,API_CONTRACT_ERROR | RENDERING_FORMATTING_ERROR,2,3,nvidia_all_merged.jsonl:34 | nvidia_all_merged.jsonl:243 | nvidia_all_merged.jsonl:3240,,,,,
Defect_Type,rsteube__carapace-683,API_CONTRACT_ERROR | MISSING_UNSUPPORTED_FEATURE,2,3,nvidia_all_merged.jsonl:673 | nvidia_all_merged.jsonl:1695 | nvidia_all_merged.jsonl:3095,,,,,
Defect_Type,rust-lang__annotate-snippets-rs-3,MISSING_UNSUPPORTED_FEATURE | RENDERING_FORMATTING_ERROR,2,3,nvidia_all_merged.jsonl:1967 | nvidia_all_merged.jsonl:3142 | nvidia_all_merged.jsonl:2348,,,,,
Defect_Type,rust-lang__rust-analyzer-14863,ALGORITHM_LOGIC_ERROR | MISSING_UNSUPPORTED_FEATURE,2,2,nvidia_all_merged.jsonl:1654 | nvidia_all_merged.jsonl:1302,,,,,
Defect_Type,rust-lang__rust-analyzer-14878,MISSING_UNSUPPORTED_FEATURE | TYPE_SCHEMA_ERROR,2,2,nvidia_all_merged.jsonl:1727 | nvidia_all_merged.jsonl:895,,,,,
Defect_Type,rust-phf__rust-phf-342,ALGORITHM_LOGIC_ERROR | MISSING_UNSUPPORTED_FEATURE,2,4,nvidia_all_merged.jsonl:280 | nvidia_all_merged.jsonl:1483 | nvidia_all_merged.jsonl:2336 | nvidia_all_merged.jsonl:1667,,,,,
Defect_Type,s-knibbs__dataclasses-jsonschema-78,MISSING_UNSUPPORTED_FEATURE | TYPE_SCHEMA_ERROR,2,3,nvidia_all_merged.jsonl:997 | nvidia_all_merged.jsonl:2111 | nvidia_all_merged.jsonl:2521,,,,,
Defect_Type,sage__carbon-5474,RENDERING_FORMATTING_ERROR | STATE_LIFECYCLE_ERROR,2,2,nvidia_all_merged.jsonl:1761 | nvidia_all_merged.jsonl:1514,,,,,
Defect_Type,salsa-rs__salsa-105,CACHE_INVALIDATION_ERROR | STATE_LIFECYCLE_ERROR,2,2,nvidia_all_merged.jsonl:1524 | nvidia_all_merged.jsonl:1902,,,,,
Defect_Type,salsa-rs__salsa-362,API_CONTRACT_ERROR | MISSING_UNSUPPORTED_FEATURE,2,3,nvidia_all_merged.jsonl:2368 | nvidia_all_merged.jsonl:1117 | nvidia_all_merged.jsonl:2574,,,,,
Defect_Type,scimmyjs__scimmy-49,API_CONTRACT_ERROR | INPUT_VALIDATION_ERROR,2,2,nvidia_all_merged.jsonl:1982 | nvidia_all_merged.jsonl:3158,,,,,
Defect_Type,seaofvoices__darklua-251,CALCULATION_NUMERICAL_ERROR | SERIALIZATION_FORMAT_ERROR,2,2,nvidia_all_merged.jsonl:1230 | nvidia_all_merged.jsonl:400,,,,,
Defect_Type,semantic-release__semantic-release-553,API_CONTRACT_ERROR | RETURN_VALUE_ERROR,2,2,nvidia_all_merged.jsonl:2149 | nvidia_all_merged.jsonl:2536,,,,,
Defect_Type,sharkdp__numbat-232,ALGORITHM_LOGIC_ERROR | RENDERING_FORMATTING_ERROR,2,3,nvidia_all_merged.jsonl:2356 | nvidia_all_merged.jsonl:2662 | nvidia_all_merged.jsonl:503,,,,,
Defect_Type,shlinkio__shlink-web-client-359,API_CONTRACT_ERROR | MISSING_UNSUPPORTED_FEATURE,2,2,nvidia_all_merged.jsonl:2088 | nvidia_all_merged.jsonl:1878,,,,,
Defect_Type,shlinkio__shlink-web-client-470,API_CONTRACT_ERROR | MISSING_UNSUPPORTED_FEATURE,2,2,nvidia_all_merged.jsonl:2059 | nvidia_all_merged.jsonl:2309,,,,,
Defect_Type,shopware__frontends-1215,MISSING_UNSUPPORTED_FEATURE | RENDERING_FORMATTING_ERROR,2,2,nvidia_all_merged.jsonl:3453 | nvidia_all_merged.jsonl:3214,,,,,
Defect_Type,sindresorhus__dot-prop-90,API_CONTRACT_ERROR | MISSING_UNSUPPORTED_FEATURE,2,2,nvidia_all_merged.jsonl:1452 | nvidia_all_merged.jsonl:1044,,,,,
Defect_Type,sindresorhus__is-97,MISSING_UNSUPPORTED_FEATURE | TYPE_SCHEMA_ERROR,2,3,nvidia_all_merged.jsonl:2895 | nvidia_all_merged.jsonl:1634 | nvidia_all_merged.jsonl:3369,,,,,
Defect_Type,sjbarag__brs-323,MISSING_UNSUPPORTED_FEATURE | RETURN_VALUE_ERROR,2,3,nvidia_all_merged.jsonl:468 | nvidia_all_merged.jsonl:3310 | nvidia_all_merged.jsonl:2298,,,,,
Defect_Type,sktime__sktime-5570,MISSING_UNSUPPORTED_FEATURE | PERFORMANCE_SCALABILITY_ERROR,2,3,nvidia_all_merged.jsonl:3403 | nvidia_all_merged.jsonl:235 | nvidia_all_merged.jsonl:3391,,,,,
Defect_Type,solid__community-server-330,API_CONTRACT_ERROR | FILE_PATH_ERROR | MISSING_UNSUPPORTED_FEATURE,3,3,nvidia_all_merged.jsonl:551 | nvidia_all_merged.jsonl:2402 | nvidia_all_merged.jsonl:2163,,,,,
Defect_Type,solid__community-server-697,API_CONTRACT_ERROR | MISSING_UNSUPPORTED_FEATURE,2,2,nvidia_all_merged.jsonl:472 | nvidia_all_merged.jsonl:196,,,,,
Defect_Type,solid__community-server-825,CONFIGURATION_ARGUMENT_ERROR | MISSING_UNSUPPORTED_FEATURE,2,2,nvidia_all_merged.jsonl:2610 | nvidia_all_merged.jsonl:1384,,,,,
Defect_Type,stfc__psyclone-3037,ALGORITHM_LOGIC_ERROR | API_CONTRACT_ERROR | ORDERING_ERROR,3,4,nvidia_all_merged.jsonl:678 | nvidia_all_merged.jsonl:405 | nvidia_all_merged.jsonl:1935 | nvidia_all_merged.jsonl:2493,,,,,
Defect_Type,stoplightio__spectral-758,CONFIGURATION_ARGUMENT_ERROR | MISSING_UNSUPPORTED_FEATURE,2,2,nvidia_all_merged.jsonl:2620 | nvidia_all_merged.jsonl:2194,,,,,
Defect_Type,stylelint__vscode-stylelint-635,API_CONTRACT_ERROR | MISSING_UNSUPPORTED_FEATURE,2,2,nvidia_all_merged.jsonl:1945 | nvidia_all_merged.jsonl:364,,,,,
Defect_Type,swc-project__swc-7508,ALGORITHM_LOGIC_ERROR | STATE_LIFECYCLE_ERROR,2,3,nvidia_all_merged.jsonl:1482 | nvidia_all_merged.jsonl:3056 | nvidia_all_merged.jsonl:3216,,,,,
Defect_Type,swc-project__swc-7932,ALGORITHM_LOGIC_ERROR | SYNTAX_PARSE_ERROR,2,2,nvidia_all_merged.jsonl:2011 | nvidia_all_merged.jsonl:2259,,,,,
Defect_Type,swc-project__swc-8280,ALGORITHM_LOGIC_ERROR | MISSING_UNSUPPORTED_FEATURE,2,2,nvidia_all_merged.jsonl:1345 | nvidia_all_merged.jsonl:1494,,,,,
Defect_Type,swc-project__swc-8619,MISSING_UNSUPPORTED_FEATURE | STATE_LIFECYCLE_ERROR,2,2,nvidia_all_merged.jsonl:3028 | nvidia_all_merged.jsonl:640,,,,,
Defect_Type,tannerlinsley__react-query-2947,MISSING_UNSUPPORTED_FEATURE | RENDERING_FORMATTING_ERROR,2,2,nvidia_all_merged.jsonl:3164 | nvidia_all_merged.jsonl:2995,,,,,
Defect_Type,tanstack__router-3269,API_CONTRACT_ERROR | MISSING_UNSUPPORTED_FEATURE | STATE_LIFECYCLE_ERROR,3,3,nvidia_all_merged.jsonl:2057 | nvidia_all_merged.jsonl:1270 | nvidia_all_merged.jsonl:1367,,,,,
Defect_Type,tetratelabs__wazero-1963,BOUNDARY_RANGE_ERROR | STATE_LIFECYCLE_ERROR,2,2,nvidia_all_merged.jsonl:1322 | nvidia_all_merged.jsonl:2776,,,,,
Defect_Type,thehubbleproject__hubble-contracts-667,API_CONTRACT_ERROR | MISSING_UNSUPPORTED_FEATURE,2,2,nvidia_all_merged.jsonl:1864 | nvidia_all_merged.jsonl:1309,,,,,
Defect_Type,thelounge__thelounge-3998,API_CONTRACT_ERROR | MISSING_UNSUPPORTED_FEATURE,2,2,nvidia_all_merged.jsonl:3318 | nvidia_all_merged.jsonl:494,,,,,
Defect_Type,thephpleague__commonmark-871,RENDERING_FORMATTING_ERROR | SYNTAX_PARSE_ERROR,2,2,nvidia_all_merged.jsonl:2183 | nvidia_all_merged.jsonl:2535,,,,,
Defect_Type,thephpleague__oauth2-client-1032,API_CONTRACT_ERROR | INPUT_VALIDATION_ERROR,2,2,nvidia_all_merged.jsonl:2090 | nvidia_all_merged.jsonl:77,,,,,
Defect_Type,thephpleague__oauth2-server-1215,INPUT_VALIDATION_ERROR | MISSING_UNSUPPORTED_FEATURE,2,3,nvidia_all_merged.jsonl:138 | nvidia_all_merged.jsonl:738 | nvidia_all_merged.jsonl:2077,,,,,
Defect_Type,tikv__client-go-942,ALGORITHM_LOGIC_ERROR | STATE_LIFECYCLE_ERROR,2,2,nvidia_all_merged.jsonl:454 | nvidia_all_merged.jsonl:2777,,,,,
Defect_Type,tinylibs__tinybench-150,API_CONTRACT_ERROR | MISSING_UNSUPPORTED_FEATURE,2,3,nvidia_all_merged.jsonl:1040 | nvidia_all_merged.jsonl:1844 | nvidia_all_merged.jsonl:2046,,,,,
Defect_Type,tjtanjin__react-chatbotify-212,MISSING_UNSUPPORTED_FEATURE | TEST_DISCOVERY_EXECUTION_ERROR,2,3,nvidia_all_merged.jsonl:1224 | nvidia_all_merged.jsonl:1389 | nvidia_all_merged.jsonl:412,,,,,
Defect_Type,tradingview__lightweight-charts-118,BOUNDARY_RANGE_ERROR | MISSING_UNSUPPORTED_FEATURE,2,2,nvidia_all_merged.jsonl:2998 | nvidia_all_merged.jsonl:3338,,,,,
Defect_Type,tweag__nickel-1848,API_CONTRACT_ERROR | MISSING_UNSUPPORTED_FEATURE,2,2,nvidia_all_merged.jsonl:2651 | nvidia_all_merged.jsonl:2102,,,,,
Defect_Type,typedorm__typedorm-242,API_CONTRACT_ERROR | MISSING_UNSUPPORTED_FEATURE,2,2,nvidia_all_merged.jsonl:2630 | nvidia_all_merged.jsonl:1624,,,,,
Defect_Type,typescript-eslint__tslint-to-eslint-config-650,CONFIGURATION_ARGUMENT_ERROR | INPUT_VALIDATION_ERROR,2,2,nvidia_all_merged.jsonl:2788 | nvidia_all_merged.jsonl:2092,,,,,
Defect_Type,vaskoz__dailycodingproblem-go-736,ALGORITHM_LOGIC_ERROR | PERFORMANCE_SCALABILITY_ERROR,2,2,nvidia_all_merged.jsonl:3328 | nvidia_all_merged.jsonl:501,,,,,
Defect_Type,vega__vega-lite-702,API_CONTRACT_ERROR | SERIALIZATION_FORMAT_ERROR,2,3,nvidia_all_merged.jsonl:2413 | nvidia_all_merged.jsonl:663 | nvidia_all_merged.jsonl:2153,,,,,
Defect_Type,vegaprotocol__vegawallet-368,API_CONTRACT_ERROR | MISSING_UNSUPPORTED_FEATURE,2,5,nvidia_all_merged.jsonl:3049 | nvidia_all_merged.jsonl:191 | nvidia_all_merged.jsonl:634 | nvidia_all_merged.jsonl:1979 | nvidia_all_merged.jsonl:2432,,,,,
Defect_Type,vegaprotocol__vegawallet-423,CONFIGURATION_ARGUMENT_ERROR | INPUT_VALIDATION_ERROR,2,2,nvidia_all_merged.jsonl:123 | nvidia_all_merged.jsonl:2144,,,,,
Defect_Type,vigetlabs__microcosm-406,API_CONTRACT_ERROR | MISSING_UNSUPPORTED_FEATURE,2,3,nvidia_all_merged.jsonl:846 | nvidia_all_merged.jsonl:2086 | nvidia_all_merged.jsonl:3042,,,,,
Defect_Type,vuejs__eslint-plugin-vue-1222,INPUT_VALIDATION_ERROR | MISSING_UNSUPPORTED_FEATURE,2,2,nvidia_all_merged.jsonl:1740 | nvidia_all_merged.jsonl:2488,,,,,
Defect_Type,vuejs__eslint-plugin-vue-1804,INPUT_VALIDATION_ERROR | MISSING_UNSUPPORTED_FEATURE,2,2,nvidia_all_merged.jsonl:516 | nvidia_all_merged.jsonl:1255,,,,,
Defect_Type,webpack-contrib__copy-webpack-plugin-477,CONFIGURATION_ARGUMENT_ERROR | MISSING_UNSUPPORTED_FEATURE,2,3,nvidia_all_merged.jsonl:1063 | nvidia_all_merged.jsonl:2261 | nvidia_all_merged.jsonl:2496,,,,,
Defect_Type,wix__detox-1948,RESOURCE_MANAGEMENT_ERROR | STATE_LIFECYCLE_ERROR,2,4,nvidia_all_merged.jsonl:906 | nvidia_all_merged.jsonl:703 | nvidia_all_merged.jsonl:2874 | nvidia_all_merged.jsonl:3261,,,,,
Defect_Type,wix__detox-2552,CONFIGURATION_ARGUMENT_ERROR | MISSING_UNSUPPORTED_FEATURE,2,2,nvidia_all_merged.jsonl:102 | nvidia_all_merged.jsonl:2243,,,,,
Defect_Type,wntrblm__nox-900,API_CONTRACT_ERROR | CONFIGURATION_ARGUMENT_ERROR,2,2,nvidia_all_merged.jsonl:3163 | nvidia_all_merged.jsonl:2721,,,,,
Defect_Type,worksapplications__sudachi.rs-190,ALGORITHM_LOGIC_ERROR | MISSING_UNSUPPORTED_FEATURE,2,2,nvidia_all_merged.jsonl:3114 | nvidia_all_merged.jsonl:2517,,,,,
Defect_Type,yonahd__kor-324,API_CONTRACT_ERROR | INPUT_VALIDATION_ERROR,2,2,nvidia_all_merged.jsonl:84 | nvidia_all_merged.jsonl:1991,,,,,
Defect_Type,yshavit__mdq-185,CONFIGURATION_ARGUMENT_ERROR | RENDERING_FORMATTING_ERROR,2,2,nvidia_all_merged.jsonl:2082 | nvidia_all_merged.jsonl:1866,,,,,
Defect_Type,yshavit__mdq-289,API_CONTRACT_ERROR | MISSING_UNSUPPORTED_FEATURE,2,2,nvidia_all_merged.jsonl:3122 | nvidia_all_merged.jsonl:1570,,,,,
Problem_Domain,armmbed__yotta-656,DEVELOPER_TOOLING | INPUT_VALIDATION_ERROR,2,2,nvidia_all_merged.jsonl:2385 | nvidia_all_merged.jsonl:560,,,,,
Problem_Domain,feathersjs__feathers-authentication-349,SECURITY_SOFTWARE | WEB_APPLICATION,2,2,nvidia_all_merged.jsonl:48 | nvidia_all_merged.jsonl:1966,,,,,
Problem_Domain,formidablelabs__urql-305,DEVELOPER_TOOLING | WEB_APPLICATION,2,3,nvidia_all_merged.jsonl:2992 | nvidia_all_merged.jsonl:1184 | nvidia_all_merged.jsonl:1560,,,,,
Problem_Domain,fppt__jedis-mock-67,DATA_DATABASE_SYSTEM | DEVELOPER_TOOLING,2,3,nvidia_all_merged.jsonl:1364 | nvidia_all_merged.jsonl:1631 | nvidia_all_merged.jsonl:2562,,,,,
Problem_Domain,gakonst__ethers-rs-1653,DEVELOPER_TOOLING | GENERAL_SOFTWARE,2,2,nvidia_all_merged.jsonl:2462 | nvidia_all_merged.jsonl:1504,,,,,
Problem_Domain,getmoto__moto-6618,CLOUD_DISTRIBUTED_SYSTEM | DEVELOPER_TOOLING,2,2,nvidia_all_merged.jsonl:922 | nvidia_all_merged.jsonl:3205,,,,,
Problem_Domain,go-kratos__kratos-3134,CLOUD_DISTRIBUTED_SYSTEM | WEB_APPLICATION,2,3,nvidia_all_merged.jsonl:2872 | nvidia_all_merged.jsonl:430 | nvidia_all_merged.jsonl:1077,,,,,
Problem_Domain,google__go-github-1384,DEVELOPER_TOOLING | GENERAL_SOFTWARE,2,3,nvidia_all_merged.jsonl:2815 | nvidia_all_merged.jsonl:1856 | nvidia_all_merged.jsonl:3333,,,,,
Problem_Domain,google__go-github-1847,DEVELOPER_TOOLING | GENERAL_SOFTWARE,2,3,nvidia_all_merged.jsonl:515 | nvidia_all_merged.jsonl:1522 | nvidia_all_merged.jsonl:3019,,,,,
Problem_Domain,google__go-github-2235,DEVELOPER_TOOLING | GENERAL_SOFTWARE,2,2,nvidia_all_merged.jsonl:574 | nvidia_all_merged.jsonl:2830,,,,,
Problem_Domain,googlecloudplatform__cloud-sql-python-connector-475,CLOUD_DISTRIBUTED_SYSTEM | DATA_DATABASE_SYSTEM,2,2,nvidia_all_merged.jsonl:2232 | nvidia_all_merged.jsonl:2743,,,,,
Problem_Domain,googlefonts__fontations-999,GRAPHICS_UI | MEDIA_PROCESSING,2,2,nvidia_all_merged.jsonl:989 | nvidia_all_merged.jsonl:287,,,,,
Problem_Domain,googlefonts__fontc-979,DEVELOPER_TOOLING | MEDIA_PROCESSING,2,2,nvidia_all_merged.jsonl:453 | nvidia_all_merged.jsonl:760,,,,,
Problem_Domain,googlemaps__js-api-loader-99,DEVELOPER_TOOLING | WEB_APPLICATION,2,3,nvidia_all_merged.jsonl:1948 | nvidia_all_merged.jsonl:2192 | nvidia_all_merged.jsonl:1226,,,,,
Problem_Domain,gpbl__react-day-picker-568,GRAPHICS_UI | WEB_APPLICATION,2,2,nvidia_all_merged.jsonl:2452 | nvidia_all_merged.jsonl:547,,,,,
Problem_Domain,helidon-io__helidon-7666,CLOUD_DISTRIBUTED_SYSTEM | WEB_APPLICATION,2,2,nvidia_all_merged.jsonl:1225 | nvidia_all_merged.jsonl:3113,,,,,
Problem_Domain,helm__helm-7217,CLOUD_DISTRIBUTED_SYSTEM | DEVELOPER_TOOLING,2,4,nvidia_all_merged.jsonl:436 | nvidia_all_merged.jsonl:622 | nvidia_all_merged.jsonl:3392 | nvidia_all_merged.jsonl:3454,,,,,
Problem_Domain,jedib0t__go-pretty-306,DEVELOPER_TOOLING | GENERAL_SOFTWARE,2,3,nvidia_all_merged.jsonl:2781 | nvidia_all_merged.jsonl:787 | nvidia_all_merged.jsonl:3267,,,,,
Problem_Domain,jenkins-x__lighthouse-1407,CLOUD_DISTRIBUTED_SYSTEM | DEVELOPER_TOOLING,2,3,nvidia_all_merged.jsonl:2 | nvidia_all_merged.jsonl:2490 | nvidia_all_merged.jsonl:1648,,,,,
Problem_Domain,jorgecarleitao__arrow2-1448,DATA_DATABASE_SYSTEM | GENERAL_SOFTWARE,2,3,nvidia_all_merged.jsonl:762 | nvidia_all_merged.jsonl:3419 | nvidia_all_merged.jsonl:3178,,,,,
Problem_Domain,jsonmapper__jsonmapper-122,DEVELOPER_TOOLING | GENERAL_SOFTWARE,2,4,nvidia_all_merged.jsonl:573 | nvidia_all_merged.jsonl:2004 | nvidia_all_merged.jsonl:2631 | nvidia_all_merged.jsonl:3088,,,,,
Problem_Domain,kestra-io__kestra-6046,CLOUD_DISTRIBUTED_SYSTEM | WEB_APPLICATION,2,2,nvidia_all_merged.jsonl:2896 | nvidia_all_merged.jsonl:860,,,,,
Problem_Domain,marpple__fxts-117,DEVELOPER_TOOLING | GENERAL_SOFTWARE,2,2,nvidia_all_merged.jsonl:1928 | nvidia_all_merged.jsonl:3260,,,,,
Problem_Domain,marpple__fxts-38,DEVELOPER_TOOLING | GENERAL_SOFTWARE,2,2,nvidia_all_merged.jsonl:1655 | nvidia_all_merged.jsonl:2888,,,,,
Problem_Domain,modin-project__modin-7396,DATA_DATABASE_SYSTEM | SCIENTIFIC_COMPUTING,2,2,nvidia_all_merged.jsonl:19 | nvidia_all_merged.jsonl:267,,,,,
Problem_Domain,mozilla__nunjucks-1301,DEVELOPER_TOOLING | WEB_APPLICATION,2,2,nvidia_all_merged.jsonl:3429 | nvidia_all_merged.jsonl:1770,,,,,
Problem_Domain,nanomsg__nng-1190,CLOUD_DISTRIBUTED_SYSTEM | GENERAL_SOFTWARE,2,4,nvidia_all_merged.jsonl:147 | nvidia_all_merged.jsonl:600 | nvidia_all_merged.jsonl:1610 | nvidia_all_merged.jsonl:2266,,,,,
Problem_Domain,niconoe__pyinaturalist-86,GENERAL_SOFTWARE | SCIENTIFIC_COMPUTING,2,3,nvidia_all_merged.jsonl:564 | nvidia_all_merged.jsonl:2822 | nvidia_all_merged.jsonl:813,,,,,
Problem_Domain,open-telemetry__opentelemetry-php-1077,CLOUD_DISTRIBUTED_SYSTEM | DEVELOPER_TOOLING,2,2,nvidia_all_merged.jsonl:3405 | nvidia_all_merged.jsonl:3272,,,,,
Problem_Domain,osbuild__osbuild-composer-709,CLOUD_DISTRIBUTED_SYSTEM | DEVELOPER_TOOLING,2,2,nvidia_all_merged.jsonl:389 | nvidia_all_merged.jsonl:2257,,,,,
Problem_Domain,oscal-compass__compliance-trestle-1573,DEVELOPER_TOOLING | SECURITY_SOFTWARE,2,2,nvidia_all_merged.jsonl:2639 | nvidia_all_merged.jsonl:2095,,,,,
Problem_Domain,pandas-dev__pandas-55249,DATA_DATABASE_SYSTEM | SCIENTIFIC_COMPUTING,2,2,nvidia_all_merged.jsonl:1058 | nvidia_all_merged.jsonl:1254,,,,,
Problem_Domain,pandas-dev__pandas-60359,DATA_DATABASE_SYSTEM | SCIENTIFIC_COMPUTING,2,2,nvidia_all_merged.jsonl:697 | nvidia_all_merged.jsonl:2700,,,,,
Problem_Domain,pandas-dev__pandas-61577,DATA_DATABASE_SYSTEM | SCIENTIFIC_COMPUTING,2,2,nvidia_all_merged.jsonl:1030 | nvidia_all_merged.jsonl:188,,,,,
Problem_Domain,paritytech__parity-common-667,DATA_DATABASE_SYSTEM | GENERAL_SOFTWARE,2,2,nvidia_all_merged.jsonl:3390 | nvidia_all_merged.jsonl:993,,,,,
Problem_Domain,pbiswas101__mathball-131,GENERAL_SOFTWARE | SCIENTIFIC_COMPUTING,2,2,nvidia_all_merged.jsonl:868 | nvidia_all_merged.jsonl:2880,,,,,
Problem_Domain,pbiswas101__mathball-154,GENERAL_SOFTWARE | SCIENTIFIC_COMPUTING,2,2,nvidia_all_merged.jsonl:565 | nvidia_all_merged.jsonl:2785,,,,,
Problem_Domain,pbiswas101__mathball-56,GENERAL_SOFTWARE | SCIENTIFIC_COMPUTING,2,2,nvidia_all_merged.jsonl:2890 | nvidia_all_merged.jsonl:2690,,,,,
Problem_Domain,pbiswas101__mathball-86,GENERAL_SOFTWARE | SCIENTIFIC_COMPUTING,2,2,nvidia_all_merged.jsonl:1954 | nvidia_all_merged.jsonl:647,,,,,
Problem_Domain,pennylaneai__pennylane-1464,MACHINE_LEARNING_AI | SCIENTIFIC_COMPUTING,2,2,nvidia_all_merged.jsonl:2717 | nvidia_all_merged.jsonl:345,,,,,
Problem_Domain,pion__ice-34,CLOUD_DISTRIBUTED_SYSTEM | GENERAL_SOFTWARE,2,2,nvidia_all_merged.jsonl:656 | nvidia_all_merged.jsonl:2994,,,,,
Problem_Domain,planetlabs__gpq-79,DEVELOPER_TOOLING | GENERAL_SOFTWARE,2,2,nvidia_all_merged.jsonl:2468 | nvidia_all_merged.jsonl:3159,,,,,
Problem_Domain,pmndrs__valtio-177,GENERAL_SOFTWARE | WEB_APPLICATION,2,2,nvidia_all_merged.jsonl:1239 | nvidia_all_merged.jsonl:2940,,,,,
Problem_Domain,pmndrs__valtio-333,GENERAL_SOFTWARE | WEB_APPLICATION,2,2,nvidia_all_merged.jsonl:2810 | nvidia_all_merged.jsonl:176,,,,,
Problem_Domain,pmndrs__zustand-603,GENERAL_SOFTWARE | WEB_APPLICATION,2,2,nvidia_all_merged.jsonl:3257 | nvidia_all_merged.jsonl:1335,,,,,
Problem_Domain,project-copacetic__copacetic-1141,CLOUD_DISTRIBUTED_SYSTEM | SECURITY_SOFTWARE,2,2,nvidia_all_merged.jsonl:1786 | nvidia_all_merged.jsonl:3203,,,,,
Problem_Domain,projectmirador__mirador-4133,GRAPHICS_UI | WEB_APPLICATION,2,2,nvidia_all_merged.jsonl:2624 | nvidia_all_merged.jsonl:91,,,,,
Problem_Domain,pyjanitor-devs__pyjanitor-1029,GENERAL_SOFTWARE | SCIENTIFIC_COMPUTING,2,2,nvidia_all_merged.jsonl:2528 | nvidia_all_merged.jsonl:55,,,,,
Problem_Domain,pyjanitor-devs__pyjanitor-1112,GENERAL_SOFTWARE | SCIENTIFIC_COMPUTING,2,3,nvidia_all_merged.jsonl:3104 | nvidia_all_merged.jsonl:2558 | nvidia_all_merged.jsonl:3251,,,,,
Problem_Domain,quartiq__minimq-164,CLOUD_DISTRIBUTED_SYSTEM | GENERAL_SOFTWARE,2,2,nvidia_all_merged.jsonl:3052 | nvidia_all_merged.jsonl:3304,,,,,
Problem_Domain,rascarlito__axios-cache-adapter-237,GENERAL_SOFTWARE | WEB_APPLICATION,2,2,nvidia_all_merged.jsonl:1893 | nvidia_all_merged.jsonl:2632,,,,,
Problem_Domain,reduxjs__redux-toolkit-943,GENERAL_SOFTWARE | WEB_APPLICATION,2,3,nvidia_all_merged.jsonl:1909 | nvidia_all_merged.jsonl:2559 | nvidia_all_merged.jsonl:2708,,,,,
Problem_Domain,ruma__ruma-1109,DEVELOPER_TOOLING | GENERAL_SOFTWARE,2,2,nvidia_all_merged.jsonl:1111 | nvidia_all_merged.jsonl:1312,,,,,
Problem_Domain,rust-phf__rust-phf-342,DEVELOPER_TOOLING | GENERAL_SOFTWARE,2,4,nvidia_all_merged.jsonl:280 | nvidia_all_merged.jsonl:1667 | nvidia_all_merged.jsonl:2336 | nvidia_all_merged.jsonl:1483,,,,,
Problem_Domain,s-knibbs__dataclasses-jsonschema-78,DEVELOPER_TOOLING | GENERAL_SOFTWARE,2,3,nvidia_all_merged.jsonl:997 | nvidia_all_merged.jsonl:2111 | nvidia_all_merged.jsonl:2521,,,,,
Problem_Domain,scimmyjs__scimmy-48,GENERAL_SOFTWARE | SECURITY_SOFTWARE,2,2,nvidia_all_merged.jsonl:2042 | nvidia_all_merged.jsonl:2271,,,,,
Problem_Domain,sciunto-org__python-bibtexparser-101,DEVELOPER_TOOLING | GENERAL_SOFTWARE,2,2,nvidia_all_merged.jsonl:2321 | nvidia_all_merged.jsonl:2685,,,,,
Problem_Domain,sharkdp__numbat-232,DEVELOPER_TOOLING | SCIENTIFIC_COMPUTING,2,3,nvidia_all_merged.jsonl:503 | nvidia_all_merged.jsonl:2356 | nvidia_all_merged.jsonl:2662,,,,,
Problem_Domain,shepmaster__snafu-361,DEVELOPER_TOOLING | GENERAL_SOFTWARE,2,4,nvidia_all_merged.jsonl:402 | nvidia_all_merged.jsonl:914 | nvidia_all_merged.jsonl:1202 | nvidia_all_merged.jsonl:1706,,,,,
Problem_Domain,sindresorhus__is-97,DEVELOPER_TOOLING | GENERAL_SOFTWARE,2,3,nvidia_all_merged.jsonl:2895 | nvidia_all_merged.jsonl:3369 | nvidia_all_merged.jsonl:1634,,,,,
Problem_Domain,stfc__psyclone-3037,DEVELOPER_TOOLING | SCIENTIFIC_COMPUTING,2,4,nvidia_all_merged.jsonl:2493 | nvidia_all_merged.jsonl:405 | nvidia_all_merged.jsonl:678 | nvidia_all_merged.jsonl:1935,,,,,
Problem_Domain,sunng87__handlebars-rust-461,DEVELOPER_TOOLING | GENERAL_SOFTWARE,2,2,nvidia_all_merged.jsonl:830 | nvidia_all_merged.jsonl:2693,,,,,
Problem_Domain,tannerlinsley__react-query-2947,DEVELOPER_TOOLING | WEB_APPLICATION,2,2,nvidia_all_merged.jsonl:3164 | nvidia_all_merged.jsonl:2995,,,,,
Problem_Domain,tetratelabs__wazero-1480,DEVELOPER_TOOLING | GENERAL_SOFTWARE,2,2,nvidia_all_merged.jsonl:1862 | nvidia_all_merged.jsonl:1663,,,,,
Problem_Domain,tikv__client-go-942,CLOUD_DISTRIBUTED_SYSTEM | DATA_DATABASE_SYSTEM,2,2,nvidia_all_merged.jsonl:454 | nvidia_all_merged.jsonl:2777,,,,,
Problem_Domain,tjtanjin__react-chatbotify-212,GRAPHICS_UI | WEB_APPLICATION,2,3,nvidia_all_merged.jsonl:1224 | nvidia_all_merged.jsonl:1389 | nvidia_all_merged.jsonl:412,,,,,
Problem_Domain,unleash__unleash-client-java-50,CLOUD_DISTRIBUTED_SYSTEM | GENERAL_SOFTWARE,2,2,nvidia_all_merged.jsonl:777 | nvidia_all_merged.jsonl:2400,,,,,
Problem_Domain,vegaprotocol__vegawallet-368,DEVELOPER_TOOLING | SECURITY_SOFTWARE,2,5,nvidia_all_merged.jsonl:634 | nvidia_all_merged.jsonl:191 | nvidia_all_merged.jsonl:1979 | nvidia_all_merged.jsonl:2432 | nvidia_all_merged.jsonl:3049,,,,,
Problem_Domain,vegaprotocol__vegawallet-423,SECURITY_SOFTWARE | WEB_APPLICATION,2,2,nvidia_all_merged.jsonl:2144 | nvidia_all_merged.jsonl:123,,,,,
Problem_Domain,vgteam__sequencetubemap-346,GRAPHICS_UI | WEB_APPLICATION,2,2,nvidia_all_merged.jsonl:917 | nvidia_all_merged.jsonl:1246,,,,,
Problem_Domain,vigetlabs__microcosm-406,GENERAL_SOFTWARE | WEB_APPLICATION,2,3,nvidia_all_merged.jsonl:2086 | nvidia_all_merged.jsonl:3042 | nvidia_all_merged.jsonl:846,,,,,
Problem_Domain,vmware-tanzu__carvel-imgpkg-443,CLOUD_DISTRIBUTED_SYSTEM | DEVELOPER_TOOLING,2,2,nvidia_all_merged.jsonl:907 | nvidia_all_merged.jsonl:2343,,,,,
Problem_Domain,websockets__ws-2160,GENERAL_SOFTWARE | WEB_APPLICATION,2,3,nvidia_all_merged.jsonl:1445 | nvidia_all_merged.jsonl:3204 | nvidia_all_merged.jsonl:1243,,,,,
Problem_Domain,yamatoiizuka__palt-typesetting-77,GRAPHICS_UI | WEB_APPLICATION,2,2,nvidia_all_merged.jsonl:2174 | nvidia_all_merged.jsonl:1941,,,,,
Problem_Domain,yoctol__bottender-572,DEVELOPER_TOOLING | WEB_APPLICATION,2,2,nvidia_all_merged.jsonl:717 | nvidia_all_merged.jsonl:933,,,,,
Problem_Domain,yonahd__kor-324,CLOUD_DISTRIBUTED_SYSTEM | DEVELOPER_TOOLING,2,2,nvidia_all_merged.jsonl:84 | nvidia_all_merged.jsonl:1991,,,,,
Problem_Domain,zhiburt__tabled-34,DEVELOPER_TOOLING | GENERAL_SOFTWARE,2,3,nvidia_all_merged.jsonl:1662 | nvidia_all_merged.jsonl:1765 | nvidia_all_merged.jsonl:3218,,,,,
