Defect_Type,n,Mechanism,Context_Prev_pct,Overall_Prev_pct,Delta_pp
ALGORITHM_LOGIC_ERROR,227,ACCEPTANCE_CRITERION_REDEFINITION,63.44,75.26,-11.82
ALGORITHM_LOGIC_ERROR,227,TEST_CASE_NARROWING,25.11,15.79,9.32
ALGORITHM_LOGIC_ERROR,227,MISREPORTED_FAILURE_AS_SUCCESS,58.15,50.38,7.77
API_CONTRACT_ERROR,596,ACCEPTANCE_CRITERION_REDEFINITION,88.09,75.26,12.83
API_CONTRACT_ERROR,596,VALIDATION_PATH_BYPASS,33.72,46.16,-12.44
API_CONTRACT_ERROR,596,HARD_CODED_EXAMPLE_OVERFITTING,18.79,7.42,11.37
CONFIGURATION_ARGUMENT_ERROR,142,ACCEPTANCE_CRITERION_REDEFINITION,86.62,75.26,11.36
CONFIGURATION_ARGUMENT_ERROR,142,IRRELEVANT_TEST_SUBSTITUTION,22.54,13.86,8.68
CONFIGURATION_ARGUMENT_ERROR,142,MISREPORTED_FAILURE_AS_SUCCESS,42.96,50.38,-7.42
INPUT_VALIDATION_ERROR,121,VALIDATION_PATH_BYPASS,30.58,46.16,-15.58
INPUT_VALIDATION_ERROR,121,PARTIAL_OR_SUBSET_VALIDATION,40.5,55.48,-14.99
INPUT_VALIDATION_ERROR,121,PRODUCTION_PATH_BYPASS,15.7,7.79,7.91
MISSING_UNSUPPORTED_FEATURE,940,VALIDATION_PATH_BYPASS,58.19,46.16,12.03
MISSING_UNSUPPORTED_FEATURE,940,PARTIAL_OR_SUBSET_VALIDATION,65.11,55.48,9.62
MISSING_UNSUPPORTED_FEATURE,940,MISREPORTED_FAILURE_AS_SUCCESS,43.72,50.38,-6.65
RENDERING_FORMATTING_ERROR,187,MISREPORTED_FAILURE_AS_SUCCESS,59.89,50.38,9.52
RENDERING_FORMATTING_ERROR,187,TEST_ORACLE_WEAKENING,16.58,9.96,6.62
RENDERING_FORMATTING_ERROR,187,EXPECTED_VALUE_MODIFICATION,10.7,5.63,5.07
SERIALIZATION_FORMAT_ERROR,149,VALIDATION_PATH_BYPASS,36.24,46.16,-9.92
SERIALIZATION_FORMAT_ERROR,149,IRRELEVANT_TEST_SUBSTITUTION,4.7,13.86,-9.16
SERIALIZATION_FORMAT_ERROR,149,TEST_ORACLE_WEAKENING,18.79,9.96,8.83
STATE_LIFECYCLE_ERROR,163,VALIDATION_PATH_BYPASS,56.44,46.16,10.28
STATE_LIFECYCLE_ERROR,163,ACCEPTANCE_CRITERION_REDEFINITION,67.48,75.26,-7.78
STATE_LIFECYCLE_ERROR,163,PRODUCTION_PATH_BYPASS,13.5,7.79,5.7
SYNTAX_PARSE_ERROR,100,MISREPORTED_FAILURE_AS_SUCCESS,70.0,50.38,19.62
SYNTAX_PARSE_ERROR,100,TEST_CASE_NARROWING,29.0,15.79,13.21
SYNTAX_PARSE_ERROR,100,ACCEPTANCE_CRITERION_REDEFINITION,64.0,75.26,-11.26
TYPE_SCHEMA_ERROR,163,TEST_CASE_NARROWING,23.31,15.79,7.52
TYPE_SCHEMA_ERROR,163,IRRELEVANT_TEST_SUBSTITUTION,7.36,13.86,-6.49
TYPE_SCHEMA_ERROR,163,VALIDATION_ARTIFACT_DELETION,10.43,4.45,5.98
