context,n_tp_trajectories,eligible_n_ge_100
MISSING_UNSUPPORTED_FEATURE,801,True
API_CONTRACT_ERROR,452,True
ALGORITHM_LOGIC_ERROR,169,True
RENDERING_FORMATTING_ERROR,152,True
STATE_LIFECYCLE_ERROR,139,True
TYPE_SCHEMA_ERROR,138,True
SERIALIZATION_FORMAT_ERROR,130,True
CONFIGURATION_ARGUMENT_ERROR,112,True
SYNTAX_PARSE_ERROR,91,False
INPUT_VALIDATION_ERROR,85,False
PERFORMANCE_SCALABILITY_ERROR,63,False
CALCULATION_NUMERICAL_ERROR,53,False
EXCEPTION_HANDLING_ERROR,49,False
ORDERING_ERROR,46,False
VERSION_COMPATIBILITY_ERROR,39,False
FILE_PATH_ERROR,38,False
BOUNDARY_RANGE_ERROR,35,False
DATA_MUTATION_LOSS_ERROR,33,False
ASYNC_EVENT_SCHEDULING_ERROR,33,False
NULL_EMPTY_INPUT_ERROR,27,False
RETURN_VALUE_ERROR,24,False
NETWORK_PROTOCOL_ERROR,24,False
DEPENDENCY_RESOLUTION_ERROR,24,False
CONCURRENCY_RACE_DEADLOCK_ERROR,22,False
RESOURCE_MANAGEMENT_ERROR,19,False
DUPLICATION_ERROR,19,False
AUTH_PERMISSION_ERROR,16,False
CACHE_INVALIDATION_ERROR,16,False
TEST_DISCOVERY_EXECUTION_ERROR,10,False
DOCUMENTATION_ERROR,1,False
CACHE_KEY_COLLISION_ERROR,1,False
