context_dimension,context,context_count,mechanism,context_prevalence,overall_prevalence,difference_pp
Defect_Type,MISSING_UNSUPPORTED_FEATURE,801,ACCEPTANCE_CRITERION_REDEFINITION,73.1585518102372,74.30968192939532,-1.151130119158117
Defect_Type,MISSING_UNSUPPORTED_FEATURE,801,ASSERTION_MODIFICATION,3.245942571785269,3.704998252359315,-0.45905568057404633
Defect_Type,MISSING_UNSUPPORTED_FEATURE,801,ENVIRONMENT_OR_DEPENDENCY_BYPASS,2.4968789013732833,1.6078294302691365,0.8890494711041468
Defect_Type,MISSING_UNSUPPORTED_FEATURE,801,EXCEPTION_SWALLOWING,0.4993757802746567,0.5592450192240475,-0.05986923894939081
Defect_Type,MISSING_UNSUPPORTED_FEATURE,801,EXPECTED_VALUE_MODIFICATION,1.9975031210986267,5.8720727018525,-3.8745695807538727
Defect_Type,MISSING_UNSUPPORTED_FEATURE,801,EXTERNAL_IMPLEMENTATION_SUBSTITUTION,0.6242197253433208,0.27962250961202373,0.3445972157312971
Defect_Type,MISSING_UNSUPPORTED_FEATURE,801,HARD_CODED_EXAMPLE_OVERFITTING,1.8726591760299627,7.0954211814051025,-5.22276200537514
Defect_Type,MISSING_UNSUPPORTED_FEATURE,801,INPUT_OR_FIXTURE_SUBSTITUTION,2.6217228464419478,3.4253757427472915,-0.8036528963053436
Defect_Type,MISSING_UNSUPPORTED_FEATURE,801,IRRELEVANT_TEST_SUBSTITUTION,20.224719101123593,13.631597343586158,6.593121757537437
Defect_Type,MISSING_UNSUPPORTED_FEATURE,801,MISREPORTED_FAILURE_AS_SUCCESS,42.94631710362047,50.22719328905977,-7.280876185439294
Defect_Type,MISSING_UNSUPPORTED_FEATURE,801,MISSING_ASSERTION,10.861423220973784,7.40999650471863,3.451426716255153
Defect_Type,MISSING_UNSUPPORTED_FEATURE,801,MOCK_STUB_FAKE_SUBSTITUTION,0.6242197253433208,0.3495281370150297,0.2746915883282911
Defect_Type,MISSING_UNSUPPORTED_FEATURE,801,NO_OP_OR_EMPTY_VALIDATION,1.9975031210986267,1.258301293254107,0.7392018278445198
Defect_Type,MISSING_UNSUPPORTED_FEATURE,801,PARTIAL_OR_SUBSET_VALIDATION,65.54307116104869,54.91087032506117,10.632200835987526
Defect_Type,MISSING_UNSUPPORTED_FEATURE,801,PRODUCTION_BEHAVIOR_DISABLED,2.3720349563046192,1.5728766165676336,0.7991583397369856
Defect_Type,MISSING_UNSUPPORTED_FEATURE,801,PRODUCTION_PATH_BYPASS,7.740324594257178,7.40999650471863,0.330328089538548
Defect_Type,MISSING_UNSUPPORTED_FEATURE,801,STANDALONE_SIMULATION,4.619225967540574,4.47396015379238,0.1452658137481945
Defect_Type,MISSING_UNSUPPORTED_FEATURE,801,TEST_CASE_NARROWING,17.228464419475657,16.882209017825936,0.3462554016497199
Defect_Type,MISSING_UNSUPPORTED_FEATURE,801,TEST_DATA_DELETION_OR_FILTERING,2.6217228464419478,2.167074449493184,0.45464839694876363
Defect_Type,MISSING_UNSUPPORTED_FEATURE,801,TEST_FILE_DELETION,2.3720349563046192,2.446696959105208,-0.07466200280058892
Defect_Type,MISSING_UNSUPPORTED_FEATURE,801,TEST_NOT_EXECUTED,4.9937578027465666,2.376791331702202,2.6169664710443645
Defect_Type,MISSING_UNSUPPORTED_FEATURE,801,TEST_ORACLE_WEAKENING,5.867665418227216,10.311080041943377,-4.443414623716161
Defect_Type,MISSING_UNSUPPORTED_FEATURE,801,TEST_SKIPPING_OR_DISABLING,2.6217228464419478,1.6427822439706399,0.9789406024713079
Defect_Type,MISSING_UNSUPPORTED_FEATURE,801,UNCONDITIONAL_SUCCESS_SIGNAL,1.4981273408239701,1.7126878713736458,-0.21456053054967564
Defect_Type,MISSING_UNSUPPORTED_FEATURE,801,VALIDATION_ARTIFACT_DELETION,4.7440699126092385,4.788535477105907,-0.044465564496668636
Defect_Type,MISSING_UNSUPPORTED_FEATURE,801,VALIDATION_PATH_BYPASS,59.55056179775281,46.207619713386926,13.342942084365884
Defect_Type,MISSING_UNSUPPORTED_FEATURE,801,WRONG_TEST_RUNNER_OR_COMMAND,0.24968789013732834,0.3495281370150297,-0.09984024687770135
Defect_Type,API_CONTRACT_ERROR,452,ACCEPTANCE_CRITERION_REDEFINITION,88.93805309734513,74.30968192939532,14.628371167949815
Defect_Type,API_CONTRACT_ERROR,452,ASSERTION_MODIFICATION,2.8761061946902653,3.704998252359315,-0.8288920576690496
Defect_Type,API_CONTRACT_ERROR,452,ENVIRONMENT_OR_DEPENDENCY_BYPASS,0.4424778761061947,1.6078294302691365,-1.1653515541629418
Defect_Type,API_CONTRACT_ERROR,452,EXCEPTION_SWALLOWING,0.6637168141592921,0.5592450192240475,0.10447179493524453
Defect_Type,API_CONTRACT_ERROR,452,EXPECTED_VALUE_MODIFICATION,4.867256637168142,5.8720727018525,-1.0048160646843578
Defect_Type,API_CONTRACT_ERROR,452,EXTERNAL_IMPLEMENTATION_SUBSTITUTION,0.0,0.27962250961202373,-0.27962250961202373
Defect_Type,API_CONTRACT_ERROR,452,HARD_CODED_EXAMPLE_OVERFITTING,21.460176991150444,7.0954211814051025,14.364755809745338
Defect_Type,API_CONTRACT_ERROR,452,INPUT_OR_FIXTURE_SUBSTITUTION,1.991150442477876,3.4253757427472915,-1.4342253002694154
Defect_Type,API_CONTRACT_ERROR,452,IRRELEVANT_TEST_SUBSTITUTION,6.1946902654867255,13.631597343586158,-7.436907078099432
Defect_Type,API_CONTRACT_ERROR,452,MISREPORTED_FAILURE_AS_SUCCESS,43.80530973451327,50.22719328905977,-6.4218835545464925
Defect_Type,API_CONTRACT_ERROR,452,MISSING_ASSERTION,6.1946902654867255,7.40999650471863,-1.2153062392319045
Defect_Type,API_CONTRACT_ERROR,452,MOCK_STUB_FAKE_SUBSTITUTION,0.4424778761061947,0.3495281370150297,0.092949739091165
Defect_Type,API_CONTRACT_ERROR,452,NO_OP_OR_EMPTY_VALIDATION,0.22123893805309736,1.258301293254107,-1.0370623552010096
Defect_Type,API_CONTRACT_ERROR,452,PARTIAL_OR_SUBSET_VALIDATION,46.68141592920354,54.91087032506117,-8.229454395857626
Defect_Type,API_CONTRACT_ERROR,452,PRODUCTION_BEHAVIOR_DISABLED,1.1061946902654867,1.5728766165676336,-0.46668192630214683
Defect_Type,API_CONTRACT_ERROR,452,PRODUCTION_PATH_BYPASS,9.513274336283185,7.40999650471863,2.1032778315645553
Defect_Type,API_CONTRACT_ERROR,452,STANDALONE_SIMULATION,0.8849557522123894,4.47396015379238,-3.5890044015799907
Defect_Type,API_CONTRACT_ERROR,452,TEST_CASE_NARROWING,9.29203539823009,16.882209017825936,-7.590173619595847
Defect_Type,API_CONTRACT_ERROR,452,TEST_DATA_DELETION_OR_FILTERING,0.8849557522123894,2.167074449493184,-1.2821186972807948
Defect_Type,API_CONTRACT_ERROR,452,TEST_FILE_DELETION,0.4424778761061947,2.446696959105208,-2.0042190829990134
Defect_Type,API_CONTRACT_ERROR,452,TEST_NOT_EXECUTED,0.4424778761061947,2.376791331702202,-1.9343134555960075
Defect_Type,API_CONTRACT_ERROR,452,TEST_ORACLE_WEAKENING,9.734513274336283,10.311080041943377,-0.5765667676070938
Defect_Type,API_CONTRACT_ERROR,452,TEST_SKIPPING_OR_DISABLING,1.1061946902654867,1.6427822439706399,-0.5365875537051531
Defect_Type,API_CONTRACT_ERROR,452,UNCONDITIONAL_SUCCESS_SIGNAL,1.3274336283185841,1.7126878713736458,-0.3852542430550616
Defect_Type,API_CONTRACT_ERROR,452,VALIDATION_ARTIFACT_DELETION,1.1061946902654867,4.788535477105907,-3.68234078684042
Defect_Type,API_CONTRACT_ERROR,452,VALIDATION_PATH_BYPASS,31.63716814159292,46.207619713386926,-14.570451571794008
Defect_Type,API_CONTRACT_ERROR,452,WRONG_TEST_RUNNER_OR_COMMAND,0.0,0.3495281370150297,-0.3495281370150297
Defect_Type,ALGORITHM_LOGIC_ERROR,169,ACCEPTANCE_CRITERION_REDEFINITION,62.721893491124256,74.30968192939532,-11.587788438271062
Defect_Type,ALGORITHM_LOGIC_ERROR,169,ASSERTION_MODIFICATION,5.9171597633136095,3.704998252359315,2.212161510954294
Defect_Type,ALGORITHM_LOGIC_ERROR,169,ENVIRONMENT_OR_DEPENDENCY_BYPASS,0.591715976331361,1.6078294302691365,-1.0161134539377756
Defect_Type,ALGORITHM_LOGIC_ERROR,169,EXCEPTION_SWALLOWING,0.0,0.5592450192240475,-0.5592450192240475
Defect_Type,ALGORITHM_LOGIC_ERROR,169,EXPECTED_VALUE_MODIFICATION,13.017751479289942,5.8720727018525,7.145678777437442
Defect_Type,ALGORITHM_LOGIC_ERROR,169,EXTERNAL_IMPLEMENTATION_SUBSTITUTION,0.0,0.27962250961202373,-0.27962250961202373
Defect_Type,ALGORITHM_LOGIC_ERROR,169,HARD_CODED_EXAMPLE_OVERFITTING,3.5502958579881656,7.0954211814051025,-3.5451253234169364
Defect_Type,ALGORITHM_LOGIC_ERROR,169,INPUT_OR_FIXTURE_SUBSTITUTION,2.366863905325444,3.4253757427472915,-1.0585118374218476
Defect_Type,ALGORITHM_LOGIC_ERROR,169,IRRELEVANT_TEST_SUBSTITUTION,8.284023668639055,13.631597343586158,-5.347573674947103
Defect_Type,ALGORITHM_LOGIC_ERROR,169,MISREPORTED_FAILURE_AS_SUCCESS,60.35502958579882,50.22719328905977,10.127836296739046
Defect_Type,ALGORITHM_LOGIC_ERROR,169,MISSING_ASSERTION,3.5502958579881656,7.40999650471863,-3.8597006467304644
Defect_Type,ALGORITHM_LOGIC_ERROR,169,MOCK_STUB_FAKE_SUBSTITUTION,0.0,0.3495281370150297,-0.3495281370150297
Defect_Type,ALGORITHM_LOGIC_ERROR,169,NO_OP_OR_EMPTY_VALIDATION,2.366863905325444,1.258301293254107,1.1085626120713368
Defect_Type,ALGORITHM_LOGIC_ERROR,169,PARTIAL_OR_SUBSET_VALIDATION,55.02958579881657,54.91087032506117,0.11871547375540414
Defect_Type,ALGORITHM_LOGIC_ERROR,169,PRODUCTION_BEHAVIOR_DISABLED,1.183431952662722,1.5728766165676336,-0.38944466390491167
Defect_Type,ALGORITHM_LOGIC_ERROR,169,PRODUCTION_PATH_BYPASS,1.7751479289940828,7.40999650471863,-5.634848575724547
Defect_Type,ALGORITHM_LOGIC_ERROR,169,STANDALONE_SIMULATION,5.325443786982249,4.47396015379238,0.8514836331898687
Defect_Type,ALGORITHM_LOGIC_ERROR,169,TEST_CASE_NARROWING,24.85207100591716,16.882209017825936,7.969861988091223
Defect_Type,ALGORITHM_LOGIC_ERROR,169,TEST_DATA_DELETION_OR_FILTERING,4.142011834319527,2.167074449493184,1.974937384826343
Defect_Type,ALGORITHM_LOGIC_ERROR,169,TEST_FILE_DELETION,4.142011834319527,2.446696959105208,1.695314875214319
Defect_Type,ALGORITHM_LOGIC_ERROR,169,TEST_NOT_EXECUTED,2.366863905325444,2.376791331702202,-0.009927426376758405
Defect_Type,ALGORITHM_LOGIC_ERROR,169,TEST_ORACLE_WEAKENING,13.017751479289942,10.311080041943377,2.706671437346564
Defect_Type,ALGORITHM_LOGIC_ERROR,169,TEST_SKIPPING_OR_DISABLING,2.366863905325444,1.6427822439706399,0.7240816613548039
Defect_Type,ALGORITHM_LOGIC_ERROR,169,UNCONDITIONAL_SUCCESS_SIGNAL,2.366863905325444,1.7126878713736458,0.654176033951798
Defect_Type,ALGORITHM_LOGIC_ERROR,169,VALIDATION_ARTIFACT_DELETION,8.284023668639055,4.788535477105907,3.495488191533147
Defect_Type,ALGORITHM_LOGIC_ERROR,169,VALIDATION_PATH_BYPASS,42.60355029585799,46.207619713386926,-3.6040694175289376
Defect_Type,ALGORITHM_LOGIC_ERROR,169,WRONG_TEST_RUNNER_OR_COMMAND,0.0,0.3495281370150297,-0.3495281370150297
Defect_Type,RENDERING_FORMATTING_ERROR,152,ACCEPTANCE_CRITERION_REDEFINITION,69.73684210526315,74.30968192939532,-4.572839824132169
Defect_Type,RENDERING_FORMATTING_ERROR,152,ASSERTION_MODIFICATION,1.3157894736842104,3.704998252359315,-2.3892087786751044
Defect_Type,RENDERING_FORMATTING_ERROR,152,ENVIRONMENT_OR_DEPENDENCY_BYPASS,0.6578947368421052,1.6078294302691365,-0.9499346934270313
Defect_Type,RENDERING_FORMATTING_ERROR,152,EXCEPTION_SWALLOWING,0.6578947368421052,0.5592450192240475,0.09864971761805773
Defect_Type,RENDERING_FORMATTING_ERROR,152,EXPECTED_VALUE_MODIFICATION,11.842105263157894,5.8720727018525,5.970032561305395
Defect_Type,RENDERING_FORMATTING_ERROR,152,EXTERNAL_IMPLEMENTATION_SUBSTITUTION,0.6578947368421052,0.27962250961202373,0.37827222723008147
Defect_Type,RENDERING_FORMATTING_ERROR,152,HARD_CODED_EXAMPLE_OVERFITTING,5.921052631578947,7.0954211814051025,-1.1743685498261554
Defect_Type,RENDERING_FORMATTING_ERROR,152,INPUT_OR_FIXTURE_SUBSTITUTION,1.9736842105263157,3.4253757427472915,-1.4516915322209758
Defect_Type,RENDERING_FORMATTING_ERROR,152,IRRELEVANT_TEST_SUBSTITUTION,10.526315789473683,13.631597343586158,-3.105281554112474
Defect_Type,RENDERING_FORMATTING_ERROR,152,MISREPORTED_FAILURE_AS_SUCCESS,64.47368421052632,50.22719328905977,14.246490921466549
Defect_Type,RENDERING_FORMATTING_ERROR,152,MISSING_ASSERTION,9.868421052631579,7.40999650471863,2.458424547912949
Defect_Type,RENDERING_FORMATTING_ERROR,152,MOCK_STUB_FAKE_SUBSTITUTION,0.0,0.3495281370150297,-0.3495281370150297
Defect_Type,RENDERING_FORMATTING_ERROR,152,NO_OP_OR_EMPTY_VALIDATION,0.6578947368421052,1.258301293254107,-0.6004065564120018
Defect_Type,RENDERING_FORMATTING_ERROR,152,PARTIAL_OR_SUBSET_VALIDATION,51.31578947368421,54.91087032506117,-3.5950808513769528
Defect_Type,RENDERING_FORMATTING_ERROR,152,PRODUCTION_BEHAVIOR_DISABLED,1.9736842105263157,1.5728766165676336,0.40080759395868215
Defect_Type,RENDERING_FORMATTING_ERROR,152,PRODUCTION_PATH_BYPASS,3.289473684210526,7.40999650471863,-4.1205228205081035
Defect_Type,RENDERING_FORMATTING_ERROR,152,STANDALONE_SIMULATION,1.9736842105263157,4.47396015379238,-2.500275943266064
Defect_Type,RENDERING_FORMATTING_ERROR,152,TEST_CASE_NARROWING,15.789473684210526,16.882209017825936,-1.0927353336154106
Defect_Type,RENDERING_FORMATTING_ERROR,152,TEST_DATA_DELETION_OR_FILTERING,1.9736842105263157,2.167074449493184,-0.1933902389668684
Defect_Type,RENDERING_FORMATTING_ERROR,152,TEST_FILE_DELETION,1.9736842105263157,2.446696959105208,-0.47301274857889236
Defect_Type,RENDERING_FORMATTING_ERROR,152,TEST_NOT_EXECUTED,0.6578947368421052,2.376791331702202,-1.718896594860097
Defect_Type,RENDERING_FORMATTING_ERROR,152,TEST_ORACLE_WEAKENING,17.105263157894736,10.311080041943377,6.794183115951361
Defect_Type,RENDERING_FORMATTING_ERROR,152,TEST_SKIPPING_OR_DISABLING,0.6578947368421052,1.6427822439706399,-0.9848875071285346
Defect_Type,RENDERING_FORMATTING_ERROR,152,UNCONDITIONAL_SUCCESS_SIGNAL,1.9736842105263157,1.7126878713736458,0.26099633915266995
Defect_Type,RENDERING_FORMATTING_ERROR,152,VALIDATION_ARTIFACT_DELETION,5.263157894736842,4.788535477105907,0.47462241763093493
Defect_Type,RENDERING_FORMATTING_ERROR,152,VALIDATION_PATH_BYPASS,46.05263157894737,46.207619713386926,-0.15498813443955983
Defect_Type,RENDERING_FORMATTING_ERROR,152,WRONG_TEST_RUNNER_OR_COMMAND,0.0,0.3495281370150297,-0.3495281370150297
Defect_Type,STATE_LIFECYCLE_ERROR,139,ACCEPTANCE_CRITERION_REDEFINITION,68.34532374100719,74.30968192939532,-5.964358188388131
Defect_Type,STATE_LIFECYCLE_ERROR,139,ASSERTION_MODIFICATION,2.877697841726619,3.704998252359315,-0.8273004106326962
Defect_Type,STATE_LIFECYCLE_ERROR,139,ENVIRONMENT_OR_DEPENDENCY_BYPASS,1.4388489208633095,1.6078294302691365,-0.16898050940582707
Defect_Type,STATE_LIFECYCLE_ERROR,139,EXCEPTION_SWALLOWING,0.7194244604316548,0.5592450192240475,0.16017944120760721
Defect_Type,STATE_LIFECYCLE_ERROR,139,EXPECTED_VALUE_MODIFICATION,0.0,5.8720727018525,-5.8720727018525
Defect_Type,STATE_LIFECYCLE_ERROR,139,EXTERNAL_IMPLEMENTATION_SUBSTITUTION,0.0,0.27962250961202373,-0.27962250961202373
Defect_Type,STATE_LIFECYCLE_ERROR,139,HARD_CODED_EXAMPLE_OVERFITTING,4.316546762589928,7.0954211814051025,-2.778874418815174
Defect_Type,STATE_LIFECYCLE_ERROR,139,INPUT_OR_FIXTURE_SUBSTITUTION,0.7194244604316548,3.4253757427472915,-2.705951282315637
Defect_Type,STATE_LIFECYCLE_ERROR,139,IRRELEVANT_TEST_SUBSTITUTION,15.107913669064748,13.631597343586158,1.476316325478591
Defect_Type,STATE_LIFECYCLE_ERROR,139,MISREPORTED_FAILURE_AS_SUCCESS,48.92086330935252,50.22719328905977,-1.3063299797072492
Defect_Type,STATE_LIFECYCLE_ERROR,139,MISSING_ASSERTION,9.352517985611511,7.40999650471863,1.9425214808928808
Defect_Type,STATE_LIFECYCLE_ERROR,139,MOCK_STUB_FAKE_SUBSTITUTION,0.0,0.3495281370150297,-0.3495281370150297
Defect_Type,STATE_LIFECYCLE_ERROR,139,NO_OP_OR_EMPTY_VALIDATION,3.597122302158273,1.258301293254107,2.338821008904166
Defect_Type,STATE_LIFECYCLE_ERROR,139,PARTIAL_OR_SUBSET_VALIDATION,53.23741007194245,54.91087032506117,-1.6734602531187193
Defect_Type,STATE_LIFECYCLE_ERROR,139,PRODUCTION_BEHAVIOR_DISABLED,2.877697841726619,1.5728766165676336,1.3048212251589852
Defect_Type,STATE_LIFECYCLE_ERROR,139,PRODUCTION_PATH_BYPASS,13.66906474820144,7.40999650471863,6.25906824348281
Defect_Type,STATE_LIFECYCLE_ERROR,139,STANDALONE_SIMULATION,7.194244604316546,4.47396015379238,2.7202844505241663
Defect_Type,STATE_LIFECYCLE_ERROR,139,TEST_CASE_NARROWING,17.26618705035971,16.882209017825936,0.38397803253377716
Defect_Type,STATE_LIFECYCLE_ERROR,139,TEST_DATA_DELETION_OR_FILTERING,2.158273381294964,2.167074449493184,-0.008801068198219936
Defect_Type,STATE_LIFECYCLE_ERROR,139,TEST_FILE_DELETION,4.316546762589928,2.446696959105208,1.8698498034847202
Defect_Type,STATE_LIFECYCLE_ERROR,139,TEST_NOT_EXECUTED,2.877697841726619,2.376791331702202,0.5009065100244168
Defect_Type,STATE_LIFECYCLE_ERROR,139,TEST_ORACLE_WEAKENING,10.071942446043165,10.311080041943377,-0.2391375959002115
Defect_Type,STATE_LIFECYCLE_ERROR,139,TEST_SKIPPING_OR_DISABLING,0.7194244604316548,1.6427822439706399,-0.9233577835389851
Defect_Type,STATE_LIFECYCLE_ERROR,139,UNCONDITIONAL_SUCCESS_SIGNAL,1.4388489208633095,1.7126878713736458,-0.27383895051033624
Defect_Type,STATE_LIFECYCLE_ERROR,139,VALIDATION_ARTIFACT_DELETION,7.913669064748201,4.788535477105907,3.125133587642294
Defect_Type,STATE_LIFECYCLE_ERROR,139,VALIDATION_PATH_BYPASS,53.956834532374096,46.207619713386926,7.749214818987172
Defect_Type,STATE_LIFECYCLE_ERROR,139,WRONG_TEST_RUNNER_OR_COMMAND,0.7194244604316548,0.3495281370150297,0.36989632341662504
Defect_Type,TYPE_SCHEMA_ERROR,138,ACCEPTANCE_CRITERION_REDEFINITION,67.3913043478261,74.30968192939532,-6.918377581569235
Defect_Type,TYPE_SCHEMA_ERROR,138,ASSERTION_MODIFICATION,2.898550724637681,3.704998252359315,-0.8064475277216339
Defect_Type,TYPE_SCHEMA_ERROR,138,ENVIRONMENT_OR_DEPENDENCY_BYPASS,0.0,1.6078294302691365,-1.6078294302691365
Defect_Type,TYPE_SCHEMA_ERROR,138,EXCEPTION_SWALLOWING,0.0,0.5592450192240475,-0.5592450192240475
Defect_Type,TYPE_SCHEMA_ERROR,138,EXPECTED_VALUE_MODIFICATION,7.971014492753622,5.8720727018525,2.098941790901123
Defect_Type,TYPE_SCHEMA_ERROR,138,EXTERNAL_IMPLEMENTATION_SUBSTITUTION,1.4492753623188406,0.27962250961202373,1.1696528527068168
Defect_Type,TYPE_SCHEMA_ERROR,138,HARD_CODED_EXAMPLE_OVERFITTING,5.797101449275362,7.0954211814051025,-1.29831973212974
Defect_Type,TYPE_SCHEMA_ERROR,138,INPUT_OR_FIXTURE_SUBSTITUTION,7.246376811594203,3.4253757427472915,3.8210010688469116
Defect_Type,TYPE_SCHEMA_ERROR,138,IRRELEVANT_TEST_SUBSTITUTION,6.521739130434782,13.631597343586158,-7.109858213151375
Defect_Type,TYPE_SCHEMA_ERROR,138,MISREPORTED_FAILURE_AS_SUCCESS,55.79710144927537,50.22719328905977,5.569908160215597
Defect_Type,TYPE_SCHEMA_ERROR,138,MISSING_ASSERTION,4.3478260869565215,7.40999650471863,-3.0621704177621085
Defect_Type,TYPE_SCHEMA_ERROR,138,MOCK_STUB_FAKE_SUBSTITUTION,0.0,0.3495281370150297,-0.3495281370150297
Defect_Type,TYPE_SCHEMA_ERROR,138,NO_OP_OR_EMPTY_VALIDATION,0.0,1.258301293254107,-1.258301293254107
Defect_Type,TYPE_SCHEMA_ERROR,138,PARTIAL_OR_SUBSET_VALIDATION,55.072463768115945,54.91087032506117,0.16159344305477497
Defect_Type,TYPE_SCHEMA_ERROR,138,PRODUCTION_BEHAVIOR_DISABLED,1.4492753623188406,1.5728766165676336,-0.12360125424879295
Defect_Type,TYPE_SCHEMA_ERROR,138,PRODUCTION_PATH_BYPASS,1.4492753623188406,7.40999650471863,-5.960721142399789
Defect_Type,TYPE_SCHEMA_ERROR,138,STANDALONE_SIMULATION,4.3478260869565215,4.47396015379238,-0.12613406683585834
Defect_Type,TYPE_SCHEMA_ERROR,138,TEST_CASE_NARROWING,26.811594202898554,16.882209017825936,9.929385185072617
Defect_Type,TYPE_SCHEMA_ERROR,138,TEST_DATA_DELETION_OR_FILTERING,5.797101449275362,2.167074449493184,3.630026999782178
Defect_Type,TYPE_SCHEMA_ERROR,138,TEST_FILE_DELETION,5.797101449275362,2.446696959105208,3.3504044901701544
Defect_Type,TYPE_SCHEMA_ERROR,138,TEST_NOT_EXECUTED,1.4492753623188406,2.376791331702202,-0.9275159693833616
Defect_Type,TYPE_SCHEMA_ERROR,138,TEST_ORACLE_WEAKENING,12.318840579710146,10.311080041943377,2.0077605377667687
Defect_Type,TYPE_SCHEMA_ERROR,138,TEST_SKIPPING_OR_DISABLING,3.6231884057971016,1.6427822439706399,1.980406161826462
Defect_Type,TYPE_SCHEMA_ERROR,138,UNCONDITIONAL_SUCCESS_SIGNAL,0.0,1.7126878713736458,-1.7126878713736458
Defect_Type,TYPE_SCHEMA_ERROR,138,VALIDATION_ARTIFACT_DELETION,10.869565217391305,4.788535477105907,6.0810297402853974
Defect_Type,TYPE_SCHEMA_ERROR,138,VALIDATION_PATH_BYPASS,40.57971014492754,46.207619713386926,-5.627909568459389
Defect_Type,TYPE_SCHEMA_ERROR,138,WRONG_TEST_RUNNER_OR_COMMAND,0.0,0.3495281370150297,-0.3495281370150297
Defect_Type,SERIALIZATION_FORMAT_ERROR,130,ACCEPTANCE_CRITERION_REDEFINITION,72.3076923076923,74.30968192939532,-2.0019896217030153
Defect_Type,SERIALIZATION_FORMAT_ERROR,130,ASSERTION_MODIFICATION,6.923076923076923,3.704998252359315,3.2180786707176083
Defect_Type,SERIALIZATION_FORMAT_ERROR,130,ENVIRONMENT_OR_DEPENDENCY_BYPASS,0.0,1.6078294302691365,-1.6078294302691365
Defect_Type,SERIALIZATION_FORMAT_ERROR,130,EXCEPTION_SWALLOWING,0.0,0.5592450192240475,-0.5592450192240475
Defect_Type,SERIALIZATION_FORMAT_ERROR,130,EXPECTED_VALUE_MODIFICATION,11.538461538461538,5.8720727018525,5.666388836609039
Defect_Type,SERIALIZATION_FORMAT_ERROR,130,EXTERNAL_IMPLEMENTATION_SUBSTITUTION,0.0,0.27962250961202373,-0.27962250961202373
Defect_Type,SERIALIZATION_FORMAT_ERROR,130,HARD_CODED_EXAMPLE_OVERFITTING,5.384615384615385,7.0954211814051025,-1.7108057967897174
Defect_Type,SERIALIZATION_FORMAT_ERROR,130,INPUT_OR_FIXTURE_SUBSTITUTION,6.153846153846154,3.4253757427472915,2.7284704110988627
Defect_Type,SERIALIZATION_FORMAT_ERROR,130,IRRELEVANT_TEST_SUBSTITUTION,4.615384615384616,13.631597343586158,-9.016212728201541
Defect_Type,SERIALIZATION_FORMAT_ERROR,130,MISREPORTED_FAILURE_AS_SUCCESS,53.07692307692308,50.22719328905977,2.8497297878633088
Defect_Type,SERIALIZATION_FORMAT_ERROR,130,MISSING_ASSERTION,4.615384615384616,7.40999650471863,-2.794611889334014
Defect_Type,SERIALIZATION_FORMAT_ERROR,130,MOCK_STUB_FAKE_SUBSTITUTION,0.0,0.3495281370150297,-0.3495281370150297
Defect_Type,SERIALIZATION_FORMAT_ERROR,130,NO_OP_OR_EMPTY_VALIDATION,0.0,1.258301293254107,-1.258301293254107
Defect_Type,SERIALIZATION_FORMAT_ERROR,130,PARTIAL_OR_SUBSET_VALIDATION,51.53846153846153,54.91087032506117,-3.3724087865996344
Defect_Type,SERIALIZATION_FORMAT_ERROR,130,PRODUCTION_BEHAVIOR_DISABLED,0.7692307692307693,1.5728766165676336,-0.8036458473368643
Defect_Type,SERIALIZATION_FORMAT_ERROR,130,PRODUCTION_PATH_BYPASS,3.8461538461538463,7.40999650471863,-3.5638426585647838
Defect_Type,SERIALIZATION_FORMAT_ERROR,130,STANDALONE_SIMULATION,1.5384615384615385,4.47396015379238,-2.9354986153308413
Defect_Type,SERIALIZATION_FORMAT_ERROR,130,TEST_CASE_NARROWING,18.461538461538463,16.882209017825936,1.5793294437125267
Defect_Type,SERIALIZATION_FORMAT_ERROR,130,TEST_DATA_DELETION_OR_FILTERING,1.5384615384615385,2.167074449493184,-0.6286129110316455
Defect_Type,SERIALIZATION_FORMAT_ERROR,130,TEST_FILE_DELETION,5.384615384615385,2.446696959105208,2.9379184255101767
Defect_Type,SERIALIZATION_FORMAT_ERROR,130,TEST_NOT_EXECUTED,0.0,2.376791331702202,-2.376791331702202
Defect_Type,SERIALIZATION_FORMAT_ERROR,130,TEST_ORACLE_WEAKENING,20.0,10.311080041943377,9.688919958056625
Defect_Type,SERIALIZATION_FORMAT_ERROR,130,TEST_SKIPPING_OR_DISABLING,0.7692307692307693,1.6427822439706399,-0.8735514747398705
Defect_Type,SERIALIZATION_FORMAT_ERROR,130,UNCONDITIONAL_SUCCESS_SIGNAL,2.307692307692308,1.7126878713736458,0.5950044363186622
Defect_Type,SERIALIZATION_FORMAT_ERROR,130,VALIDATION_ARTIFACT_DELETION,5.384615384615385,4.788535477105907,0.596079907509478
Defect_Type,SERIALIZATION_FORMAT_ERROR,130,VALIDATION_PATH_BYPASS,36.15384615384615,46.207619713386926,-10.053773559540774
Defect_Type,SERIALIZATION_FORMAT_ERROR,130,WRONG_TEST_RUNNER_OR_COMMAND,0.0,0.3495281370150297,-0.3495281370150297
Defect_Type,CONFIGURATION_ARGUMENT_ERROR,112,ACCEPTANCE_CRITERION_REDEFINITION,85.71428571428571,74.30968192939532,11.404603784890387
Defect_Type,CONFIGURATION_ARGUMENT_ERROR,112,ASSERTION_MODIFICATION,1.7857142857142856,3.704998252359315,-1.9192839666450294
Defect_Type,CONFIGURATION_ARGUMENT_ERROR,112,ENVIRONMENT_OR_DEPENDENCY_BYPASS,0.0,1.6078294302691365,-1.6078294302691365
Defect_Type,CONFIGURATION_ARGUMENT_ERROR,112,EXCEPTION_SWALLOWING,0.0,0.5592450192240475,-0.5592450192240475
Defect_Type,CONFIGURATION_ARGUMENT_ERROR,112,EXPECTED_VALUE_MODIFICATION,2.6785714285714284,5.8720727018525,-3.1935012732810715
Defect_Type,CONFIGURATION_ARGUMENT_ERROR,112,EXTERNAL_IMPLEMENTATION_SUBSTITUTION,0.0,0.27962250961202373,-0.27962250961202373
Defect_Type,CONFIGURATION_ARGUMENT_ERROR,112,HARD_CODED_EXAMPLE_OVERFITTING,9.821428571428571,7.0954211814051025,2.7260073900234687
Defect_Type,CONFIGURATION_ARGUMENT_ERROR,112,INPUT_OR_FIXTURE_SUBSTITUTION,6.25,3.4253757427472915,2.8246242572527085
Defect_Type,CONFIGURATION_ARGUMENT_ERROR,112,IRRELEVANT_TEST_SUBSTITUTION,19.642857142857142,13.631597343586158,6.011259799270984
Defect_Type,CONFIGURATION_ARGUMENT_ERROR,112,MISREPORTED_FAILURE_AS_SUCCESS,43.75,50.22719328905977,-6.477193289059768
Defect_Type,CONFIGURATION_ARGUMENT_ERROR,112,MISSING_ASSERTION,1.7857142857142856,7.40999650471863,-5.624282219004344
Defect_Type,CONFIGURATION_ARGUMENT_ERROR,112,MOCK_STUB_FAKE_SUBSTITUTION,0.0,0.3495281370150297,-0.3495281370150297
Defect_Type,CONFIGURATION_ARGUMENT_ERROR,112,NO_OP_OR_EMPTY_VALIDATION,0.8928571428571428,1.258301293254107,-0.36544415039696415
Defect_Type,CONFIGURATION_ARGUMENT_ERROR,112,PARTIAL_OR_SUBSET_VALIDATION,53.57142857142857,54.91087032506117,-1.3394417536325975
Defect_Type,CONFIGURATION_ARGUMENT_ERROR,112,PRODUCTION_BEHAVIOR_DISABLED,0.8928571428571428,1.5728766165676336,-0.6800194737104908
Defect_Type,CONFIGURATION_ARGUMENT_ERROR,112,PRODUCTION_PATH_BYPASS,9.821428571428571,7.40999650471863,2.411432066709941
Defect_Type,CONFIGURATION_ARGUMENT_ERROR,112,STANDALONE_SIMULATION,8.035714285714286,4.47396015379238,3.5617541319219064
Defect_Type,CONFIGURATION_ARGUMENT_ERROR,112,TEST_CASE_NARROWING,10.714285714285714,16.882209017825936,-6.167923303540222
Defect_Type,CONFIGURATION_ARGUMENT_ERROR,112,TEST_DATA_DELETION_OR_FILTERING,0.8928571428571428,2.167074449493184,-1.2742173066360412
Defect_Type,CONFIGURATION_ARGUMENT_ERROR,112,TEST_FILE_DELETION,1.7857142857142856,2.446696959105208,-0.6609826733909224
Defect_Type,CONFIGURATION_ARGUMENT_ERROR,112,TEST_NOT_EXECUTED,0.8928571428571428,2.376791331702202,-1.4839341888450592
Defect_Type,CONFIGURATION_ARGUMENT_ERROR,112,TEST_ORACLE_WEAKENING,8.035714285714286,10.311080041943377,-2.2753657562290903
Defect_Type,CONFIGURATION_ARGUMENT_ERROR,112,TEST_SKIPPING_OR_DISABLING,0.8928571428571428,1.6427822439706399,-0.749925101113497
Defect_Type,CONFIGURATION_ARGUMENT_ERROR,112,UNCONDITIONAL_SUCCESS_SIGNAL,0.8928571428571428,1.7126878713736458,-0.8198307285165028
Defect_Type,CONFIGURATION_ARGUMENT_ERROR,112,VALIDATION_ARTIFACT_DELETION,2.6785714285714284,4.788535477105907,-2.1099640485344784
Defect_Type,CONFIGURATION_ARGUMENT_ERROR,112,VALIDATION_PATH_BYPASS,45.535714285714285,46.207619713386926,-0.6719054276726422
Defect_Type,CONFIGURATION_ARGUMENT_ERROR,112,WRONG_TEST_RUNNER_OR_COMMAND,0.0,0.3495281370150297,-0.3495281370150297
