Problem_Domain,n,Mechanism,Context_Prev_pct,Overall_Prev_pct,Delta_pp
CLOUD_DISTRIBUTED_SYSTEM,449,MISREPORTED_FAILURE_AS_SUCCESS,42.54,50.38,-7.84
CLOUD_DISTRIBUTED_SYSTEM,449,VALIDATION_PATH_BYPASS,53.23,46.16,7.07
CLOUD_DISTRIBUTED_SYSTEM,449,TEST_CASE_NARROWING,8.91,15.79,-6.88
DATA_DATABASE_SYSTEM,185,VALIDATION_PATH_BYPASS,51.35,46.16,5.19
DATA_DATABASE_SYSTEM,185,EXPECTED_VALUE_MODIFICATION,1.08,5.63,-4.55
DATA_DATABASE_SYSTEM,185,MISSING_ASSERTION,12.43,7.91,4.52
DEVELOPER_TOOLING,1514,MISREPORTED_FAILURE_AS_SUCCESS,54.29,50.38,3.92
DEVELOPER_TOOLING,1514,EXPECTED_VALUE_MODIFICATION,8.65,5.63,3.02
DEVELOPER_TOOLING,1514,PARTIAL_OR_SUBSET_VALIDATION,52.84,55.48,-2.64
GENERAL_SOFTWARE,437,PARTIAL_OR_SUBSET_VALIDATION,60.64,55.48,5.16
GENERAL_SOFTWARE,437,IRRELEVANT_TEST_SUBSTITUTION,8.92,13.86,-4.93
GENERAL_SOFTWARE,437,TEST_CASE_NARROWING,18.54,15.79,2.74
GRAPHICS_UI,121,ACCEPTANCE_CRITERION_REDEFINITION,70.25,75.26,-5.01
GRAPHICS_UI,121,STANDALONE_SIMULATION,8.26,4.13,4.14
GRAPHICS_UI,121,MISREPORTED_FAILURE_AS_SUCCESS,46.28,50.38,-4.09
SCIENTIFIC_COMPUTING,245,ACCEPTANCE_CRITERION_REDEFINITION,84.9,75.26,9.64
SCIENTIFIC_COMPUTING,245,VALIDATION_PATH_BYPASS,41.22,46.16,-4.94
SCIENTIFIC_COMPUTING,245,PRODUCTION_PATH_BYPASS,3.67,7.79,-4.12
SECURITY_SOFTWARE,119,PRODUCTION_PATH_BYPASS,19.33,7.79,11.53
SECURITY_SOFTWARE,119,TEST_CASE_NARROWING,6.72,15.79,-9.07
SECURITY_SOFTWARE,119,MISREPORTED_FAILURE_AS_SUCCESS,58.82,50.38,8.45
WEB_APPLICATION,311,MISREPORTED_FAILURE_AS_SUCCESS,42.77,50.38,-7.61
WEB_APPLICATION,311,ACCEPTANCE_CRITERION_REDEFINITION,71.7,75.26,-3.56
WEB_APPLICATION,311,MISSING_ASSERTION,5.47,7.91,-2.44
