Dimension,Context_Group,Mechanism,TP_Traj,Context_Prev_pct,Overall_Prev_pct,Delta_pp
Problem Domain,SECURITY_SOFTWARE,PRODUCTION_PATH_BYPASS,119,19.33,7.79,11.53
Problem Domain,SCIENTIFIC_COMPUTING,ACCEPTANCE_CRITERION_REDEFINITION,245,84.9,75.26,9.64
Problem Domain,SECURITY_SOFTWARE,TEST_CASE_NARROWING,119,6.72,15.79,-9.07
Affected Component,LANGUAGE_RUNTIME,MISREPORTED_FAILURE_AS_SUCCESS,216,67.13,50.38,16.75
Affected Component,BUILD_PACKAGING_DEPENDENCIES,IRRELEVANT_TEST_SUBSTITUTION,111,29.73,13.86,15.87
Affected Component,BUILD_PACKAGING_DEPENDENCIES,STANDALONE_SIMULATION,111,17.12,4.13,12.99
Defect Type,SYNTAX_PARSE_ERROR,MISREPORTED_FAILURE_AS_SUCCESS,100,70.0,50.38,19.62
Defect Type,INPUT_VALIDATION_ERROR,VALIDATION_PATH_BYPASS,121,30.58,46.16,-15.58
Defect Type,INPUT_VALIDATION_ERROR,PARTIAL_OR_SUBSET_VALIDATION,121,40.5,55.48,-14.99
