mechanism_combination,trajectory_count,prevalence_pct
ACCEPTANCE_CRITERION_REDEFINITION + PARTIAL_OR_SUBSET_VALIDATION + VALIDATION_PATH_BYPASS,358,10.33
ACCEPTANCE_CRITERION_REDEFINITION + MISREPORTED_FAILURE_AS_SUCCESS + PARTIAL_OR_SUBSET_VALIDATION + VALIDATION_PATH_BYPASS,188,5.43
ACCEPTANCE_CRITERION_REDEFINITION + MISREPORTED_FAILURE_AS_SUCCESS + PARTIAL_OR_SUBSET_VALIDATION,181,5.23
ACCEPTANCE_CRITERION_REDEFINITION + IRRELEVANT_TEST_SUBSTITUTION + VALIDATION_PATH_BYPASS,118,3.41
ACCEPTANCE_CRITERION_REDEFINITION + HARD_CODED_EXAMPLE_OVERFITTING,103,2.97
ACCEPTANCE_CRITERION_REDEFINITION + PARTIAL_OR_SUBSET_VALIDATION,99,2.86
MISREPORTED_FAILURE_AS_SUCCESS + PARTIAL_OR_SUBSET_VALIDATION + VALIDATION_PATH_BYPASS,95,2.74
ACCEPTANCE_CRITERION_REDEFINITION + MISREPORTED_FAILURE_AS_SUCCESS,67,1.93
ACCEPTANCE_CRITERION_REDEFINITION + MISSING_ASSERTION + PARTIAL_OR_SUBSET_VALIDATION,61,1.76
ACCEPTANCE_CRITERION_REDEFINITION + PARTIAL_OR_SUBSET_VALIDATION + TEST_CASE_NARROWING,53,1.53
ACCEPTANCE_CRITERION_REDEFINITION + IRRELEVANT_TEST_SUBSTITUTION + PARTIAL_OR_SUBSET_VALIDATION + PRODUCTION_PATH_BYPASS,48,1.39
ACCEPTANCE_CRITERION_REDEFINITION + MISREPORTED_FAILURE_AS_SUCCESS + PARTIAL_OR_SUBSET_VALIDATION + TEST_CASE_NARROWING,45,1.3
ACCEPTANCE_CRITERION_REDEFINITION,45,1.3
ACCEPTANCE_CRITERION_REDEFINITION + HARD_CODED_EXAMPLE_OVERFITTING + MISREPORTED_FAILURE_AS_SUCCESS,43,1.24
ACCEPTANCE_CRITERION_REDEFINITION + MISREPORTED_FAILURE_AS_SUCCESS + VALIDATION_PATH_BYPASS,43,1.24
ACCEPTANCE_CRITERION_REDEFINITION + MISREPORTED_FAILURE_AS_SUCCESS + PARTIAL_OR_SUBSET_VALIDATION + PRODUCTION_PATH_BYPASS,43,1.24
ACCEPTANCE_CRITERION_REDEFINITION + IRRELEVANT_TEST_SUBSTITUTION + MISREPORTED_FAILURE_AS_SUCCESS + VALIDATION_PATH_BYPASS,40,1.15
ACCEPTANCE_CRITERION_REDEFINITION + MISREPORTED_FAILURE_AS_SUCCESS + TEST_ORACLE_WEAKENING,30,0.87
ACCEPTANCE_CRITERION_REDEFINITION + EXPECTED_VALUE_MODIFICATION + TEST_ORACLE_WEAKENING,27,0.78
IRRELEVANT_TEST_SUBSTITUTION + MISREPORTED_FAILURE_AS_SUCCESS + PARTIAL_OR_SUBSET_VALIDATION + VALIDATION_PATH_BYPASS,27,0.78
ACCEPTANCE_CRITERION_REDEFINITION + VALIDATION_PATH_BYPASS,27,0.78
ACCEPTANCE_CRITERION_REDEFINITION + IRRELEVANT_TEST_SUBSTITUTION + PARTIAL_OR_SUBSET_VALIDATION + VALIDATION_PATH_BYPASS,26,0.75
MISREPORTED_FAILURE_AS_SUCCESS + PARTIAL_OR_SUBSET_VALIDATION + TEST_CASE_NARROWING + VALIDATION_PATH_BYPASS,26,0.75
ACCEPTANCE_CRITERION_REDEFINITION + TEST_ORACLE_WEAKENING,26,0.75
ACCEPTANCE_CRITERION_REDEFINITION + EXPECTED_VALUE_MODIFICATION + MISREPORTED_FAILURE_AS_SUCCESS + TEST_ORACLE_WEAKENING,26,0.75
MISREPORTED_FAILURE_AS_SUCCESS + PARTIAL_OR_SUBSET_VALIDATION + TEST_FILE_DELETION + VALIDATION_PATH_BYPASS,25,0.72
ACCEPTANCE_CRITERION_REDEFINITION + HARD_CODED_EXAMPLE_OVERFITTING + PRODUCTION_PATH_BYPASS,24,0.69
ACCEPTANCE_CRITERION_REDEFINITION + ASSERTION_MODIFICATION + TEST_ORACLE_WEAKENING,22,0.64
ACCEPTANCE_CRITERION_REDEFINITION + INPUT_OR_FIXTURE_SUBSTITUTION + TEST_CASE_NARROWING,20,0.58
ACCEPTANCE_CRITERION_REDEFINITION + IRRELEVANT_TEST_SUBSTITUTION + MISREPORTED_FAILURE_AS_SUCCESS + PARTIAL_OR_SUBSET_VALIDATION + VALIDATION_PATH_BYPASS,20,0.58
